date,fixture,hPct,dPct,aPct,leader,leaderShare,actual,h2hH,h2hD,h2hA,comH,comD,comA,thirdH,thirdD,thirdA,paths,effective
2024-07-30,Hamrun Spartans v KF Ballkani,0.0,100.0,0.0,H,0.0,A,0,100,0,0,0,0,0,0,0,1,1
2024-07-31,FC Khimki v FC Orenburg,0.0,42.9,57.1,A,57.1,H,0,0,0,0,0,100,0,100,0,2,2
2024-08-01,Dynamo Makhachkala v Krylya Sovetov Sam,100.0,0.0,0.0,H,100.0,H,0,0,0,0,0,0,100,0,0,1,1
2024-08-03,Akron Tolyatti v Dynamo Moscow,0.0,36.4,63.6,A,63.6,A,0,0,0,0,50,50,0,0,100,3,2
2024-08-03,Rubin Kazan v FC Khimki,0.0,0.0,100.0,A,100.0,A,0,0,0,0,0,0,0,0,100,2,2
2024-08-03,Zenit St Petersbur v FC Rostov,100.0,0.0,0.0,H,100.0,H,0,0,0,100,0,0,100,0,0,5,2
2024-08-04,Akhmat Grozny v Lokomotiv Moscow,50.0,25.0,25.0,H,50.0,A,0,0,0,0,0,0,50,25,25,4,3
2024-08-04,CSKA Moscow v FC Orenburg,50.0,50.0,0.0,H,50.0,H,0,0,0,0,0,0,50,50,0,2,1
2024-08-04,Dynamo Makhachkala v Pari Nizhny Novgor,100.0,0.0,0.0,H,100.0,A,0,0,0,0,0,0,100,0,0,3,2
2024-08-04,Fakel Voronezh v FC Krasnodar,50.0,50.0,0.0,H,50.0,D,0,0,0,0,0,0,50,50,0,2,1
2024-08-05,Spartak Moscow v Krylya Sovetov Sam,60.0,0.0,40.0,H,60.0,H,0,0,0,0,0,0,60,0,40,5,3
2024-08-09,Pari Nizhny Novgor v FC Khimki,56.5,0.0,43.5,H,56.5,H,0,0,0,50,0,50,60,0,40,7,3
2024-08-09,FC Rostov v Rubin Kazan,48.0,0.0,52.0,A,52.0,D,0,0,0,0,0,100,57,0,43,8,3
2024-08-10,FC Krasnodar v CSKA Moscow,42.9,0.0,57.1,A,57.1,H,100,0,0,0,0,0,20,0,80,6,3
2024-08-10,Lokomotiv Moscow v Dynamo Makhachkala,38.5,30.8,30.8,H,38.5,H,0,0,0,0,0,0,38,31,31,13,4
2024-08-10,FC Orenburg v Akron Tolyatti,50.0,16.7,33.3,H,50.0,D,0,0,0,0,0,0,50,17,33,12,3
2024-08-10,Zenit St Petersbur v Dynamo Moscow,80.6,0.0,19.4,H,80.6,H,0,0,0,100,0,0,78,0,22,10,2
2024-08-11,Krylya Sovetov Sam v Fakel Voronezh,34.9,14.0,51.2,A,51.2,H,0,0,0,0,0,100,38,15,46,14,2
2024-08-11,Spartak Moscow v Akhmat Grozny,61.2,0.0,38.8,H,61.2,D,0,0,0,0,0,100,67,0,33,16,3
2024-08-13,FC Orenburg v Lokomotiv Moscow,41.5,0.0,58.5,A,58.5,A,0,0,0,0,0,100,47,0,53,21,4
2024-08-13,FC Rostov v FC Khimki,51.6,4.7,43.8,H,51.6,H,0,0,0,0,0,100,55,5,40,21,4
2024-08-14,Dynamo Moscow v Dynamo Makhachkala,71.9,0.0,28.1,H,71.9,H,0,0,0,100,0,0,70,0,30,21,4
2024-08-14,Krylya Sovetov Sam v Spartak Moscow,27.3,13.6,59.1,A,59.1,A,0,0,100,0,0,0,30,15,55,21,4
2024-08-14,Rubin Kazan v Zenit St Petersbur,8.6,17.1,74.3,A,74.3,A,0,0,100,0,0,100,10,20,70,22,4
2024-08-15,Fakel Voronezh v Akron Tolyatti,34.3,10.0,55.7,A,55.7,A,0,0,100,0,100,0,40,5,55,22,4
2024-08-15,FC Krasnodar v Akhmat Grozny,42.9,9.5,47.6,A,47.6,H,0,100,0,0,0,0,47,0,53,20,4
2024-08-17,Dynamo Moscow v Krylya Sovetov Sam,68.5,19.2,12.3,H,68.5,H,0,0,0,50,50,0,74,11,16,23,5
2024-08-17,FC Rostov v FC Orenburg,40.3,13.9,45.8,A,45.8,H,0,0,0,67,33,0,35,10,55,23,5
2024-08-18,CSKA Moscow v Lokomotiv Moscow,45.6,17.6,36.8,H,45.6,A,0,0,0,50,0,50,45,20,35,22,3
2024-08-18,FC Khimki v Zenit St Petersbur,4.4,13.2,82.4,A,82.4,D,0,0,0,0,0,100,5,15,80,22,3
2024-08-18,FC Krasnodar v Pari Nizhny Novgor,59.3,0.0,40.7,H,59.3,H,0,0,0,67,0,33,57,0,43,17,4
2024-08-18,Spartak Moscow v Fakel Voronezh,69.1,0.0,30.9,H,69.1,H,0,0,0,100,0,0,65,0,35,22,3
2024-08-19,Akron Tolyatti v Rubin Kazan,36.4,9.1,54.5,A,54.5,A,0,0,100,0,0,0,40,10,50,21,3
2024-08-19,Dynamo Makhachkala v Akhmat Grozny,48.6,16.7,34.7,H,48.6,H,0,0,0,67,0,33,45,20,35,23,4
2024-08-23,Rubin Kazan v Dynamo Makhachkala,58.8,4.4,36.8,H,58.8,H,0,0,0,50,0,50,60,5,35,22,3
2024-08-24,Akhmat Grozny v FC Khimki,50.0,3.9,46.1,H,50.0,D,0,0,0,50,0,50,50,5,45,24,5
2024-08-24,CSKA Moscow v Akron Tolyatti,54.4,19.1,26.5,H,54.4,H,0,0,0,50,50,0,55,15,30,22,4
2024-08-24,Fakel Voronezh v FC Orenburg,30.9,13.2,55.9,A,55.9,H,0,0,0,0,0,100,35,15,50,22,2
2024-08-24,Zenit St Petersbur v Spartak Moscow,76.3,9.2,14.5,H,76.3,D,0,0,0,25,25,50,90,5,5,24,5
2024-08-25,Dynamo Moscow v FC Krasnodar,55.9,0.0,44.1,H,55.9,A,0,0,0,100,0,0,50,0,50,22,4
2024-08-25,Krylya Sovetov Sam v Pari Nizhny Novgor,37.5,4.7,57.8,A,57.8,H,0,0,0,0,0,100,40,5,55,21,2
2024-08-25,Lokomotiv Moscow v FC Rostov,37.8,13.5,48.6,A,48.6,H,100,0,0,50,50,0,30,10,60,23,4
2024-08-27,Akhmat Grozny v CSKA Moscow,28.9,17.1,53.9,A,53.9,A,0,0,0,25,25,50,30,15,55,24,3
2024-08-27,Fakel Voronezh v Rubin Kazan,8.8,8.8,82.4,A,82.4,A,0,0,0,0,0,100,10,10,80,22,3
2024-08-27,Spartak Moscow v Dynamo Makhachkala,23.7,3.9,72.4,A,72.4,A,0,0,0,75,0,25,10,5,85,24,5
2024-08-28,Dynamo Moscow v Krylya Sovetov Sam,79.3,13.4,7.3,H,79.3,H,100,0,0,50,50,0,85,5,10,25,4
2024-08-28,Lokomotiv Moscow v FC Khimki,51.3,13.2,35.5,H,51.3,H,0,0,0,75,25,0,45,10,45,24,5
2024-08-28,FC Orenburg v FC Rostov,46.2,24.4,29.5,H,46.2,A,0,0,100,0,33,67,60,25,15,24,5
2024-08-28,Pari Nizhny Novgor v FC Krasnodar,28.2,3.8,67.9,A,67.9,A,0,0,100,33,0,67,30,5,65,24,4
2024-08-31,Akhmat Grozny v Akron Tolyatti,55.6,13.9,30.6,H,55.6,D,0,0,0,33,33,33,60,10,30,23,4
2024-08-31,FC Khimki v CSKA Moscow,11.3,3.8,85.0,A,85.0,A,0,0,0,0,0,100,15,5,80,25,5
2024-08-31,Pari Nizhny Novgor v Zenit St Petersbur,9.7,8.3,81.9,A,81.9,A,0,0,0,33,0,67,5,10,85,23,4
2024-08-31,Spartak Moscow v Rubin Kazan,19.7,3.9,76.3,A,76.3,H,0,0,0,75,0,25,5,5,90,24,5
2024-09-01,Krylya Sovetov Sam v Dynamo Makhachkala,24.4,7.7,67.9,A,67.9,A,0,0,100,33,0,67,25,10,65,24,5
2024-09-01,Lokomotiv Moscow v FC Krasnodar,30.3,17.1,52.6,A,52.6,A,0,0,0,50,25,25,25,15,60,24,3
2024-09-01,FC Orenburg v Dynamo Moscow,60.5,7.9,31.6,H,60.5,D,0,0,0,25,0,75,70,10,20,24,4
2024-09-01,FC Rostov v Fakel Voronezh,81.6,5.3,13.2,H,81.6,H,0,0,0,50,25,25,90,0,10,24,5
2024-09-13,Rubin Kazan v Krylya Sovetov Sam,69.0,13.1,17.9,H,69.0,A,0,0,0,67,33,0,70,5,25,26,5
2024-09-14,CSKA Moscow v Zenit St Petersbur,26.4,26.4,47.2,A,47.2,A,0,0,0,33,33,33,25,25,50,23,3
2024-09-14,Fakel Voronezh v Pari Nizhny Novgor,48.7,15.8,35.5,H,48.7,D,0,0,0,25,75,0,55,0,45,24,5
2024-09-14,FC Krasnodar v FC Rostov,52.8,0.0,47.2,H,52.8,H,0,0,0,67,0,33,50,0,50,23,4
2024-09-14,FC Orenburg v Lokomotiv Moscow,61.1,0.0,38.9,H,61.1,A,0,0,100,17,0,83,85,0,15,27,7
2024-09-15,Akron Tolyatti v FC Khimki,46.3,12.5,41.3,H,46.3,H,0,0,0,20,20,60,55,10,35,25,5
2024-09-15,Dynamo Makhachkala v Spartak Moscow,32.6,10.5,57.0,A,57.0,D,100,0,0,20,0,80,30,15,55,26,5
2024-09-15,Dynamo Moscow v Akhmat Grozny,42.9,15.5,41.7,H,42.9,H,0,0,0,50,17,33,40,15,45,26,6
2024-09-17,Zenit St Petersbur v Rubin Kazan,90.6,3.1,6.3,H,90.6,H,100,0,0,100,0,0,85,5,10,28,8
2024-09-18,Akron Tolyatti v Fakel Voronezh,64.3,4.8,31.0,H,64.3,H,100,0,0,0,33,67,70,0,30,25,6
2024-09-18,CSKA Moscow v FC Krasnodar,50.0,6.8,43.2,H,50.0,H,0,0,100,50,0,50,60,10,30,26,4
2024-09-18,FC Rostov v FC Orenburg,65.9,13.6,20.5,H,65.9,H,100,0,0,100,0,0,50,20,30,26,5
2024-09-19,FC Khimki v Lokomotiv Moscow,16.7,6.7,76.7,A,76.7,A,0,0,100,0,0,100,25,10,65,27,6
2024-09-19,Pari Nizhny Novgor v Akhmat Grozny,39.0,0.0,61.0,A,61.0,A,0,0,100,50,0,50,40,0,60,25,4
2024-09-19,Spartak Moscow v Krylya Sovetov Sam,40.2,3.3,56.5,A,56.5,H,100,0,0,80,0,20,15,5,80,27,8
2024-09-21,Akron Tolyatti v FC Krasnodar,50.0,7.5,42.5,H,50.0,A,0,0,0,20,0,80,60,10,30,25,5
2024-09-21,Rubin Kazan v CSKA Moscow,33.8,12.5,53.8,A,53.8,D,0,0,0,0,20,80,45,10,45,25,5
2024-09-21,Zenit St Petersbur v Fakel Voronezh,90.0,6.7,3.3,H,90.0,H,100,0,0,100,0,0,85,10,5,27,7
2024-09-22,FC Khimki v FC Orenburg,54.4,7.8,37.8,H,54.4,D,100,0,0,17,17,67,65,5,30,27,7
2024-09-22,Pari Nizhny Novgor v Lokomotiv Moscow,20.0,3.8,76.3,A,76.3,A,0,0,0,20,0,80,20,5,75,25,6
2024-09-22,FC Rostov v Dynamo Makhachkala,76.3,3.8,20.0,H,76.3,D,0,0,0,80,0,20,75,5,20,25,5
2024-09-22,Spartak Moscow v Dynamo Moscow,23.3,0.0,76.7,A,76.7,D,100,0,0,50,0,50,5,0,95,27,7
2024-09-23,Akhmat Grozny v Krylya Sovetov Sam,77.6,10.5,11.8,H,77.6,D,0,0,0,50,50,0,85,0,15,24,5
2024-09-27,Fakel Voronezh v Rubin Kazan,16.7,18.9,64.4,A,64.4,D,0,0,100,0,17,83,25,15,60,27,8
2024-09-27,FC Orenburg v Pari Nizhny Novgor,81.3,3.8,15.0,H,81.3,A,0,0,0,40,0,60,95,5,0,25,6
2024-09-28,CSKA Moscow v Akhmat Grozny,70.0,3.3,26.7,H,70.0,H,100,0,0,100,0,0,55,5,40,27,7
2024-09-28,FC Krasnodar v Zenit St Petersbur,3.8,16.3,80.0,A,80.0,H,0,0,0,0,20,80,10,10,80,25,5
2024-09-28,Lokomotiv Moscow v Spartak Moscow,46.3,0.0,53.8,A,53.8,H,0,0,0,80,0,20,35,0,65,25,5
2024-09-28,FC Rostov v Akron Tolyatti,70.5,8.0,21.6,H,70.5,A,0,0,0,71,14,14,70,0,30,27,7
2024-09-29,Dynamo Makhachkala v Dynamo Moscow,26.7,3.5,69.8,A,69.8,A,0,0,100,40,0,60,25,5,70,26,6
2024-09-29,Krylya Sovetov Sam v FC Khimki,22.7,15.9,61.4,A,61.4,D,0,0,0,29,29,43,20,10,70,27,7
2024-10-01,Lokomotiv Moscow v FC Orenburg,63.5,6.7,29.8,H,63.5,H,100,0,0,75,13,13,50,5,45,30,9
2024-10-01,Pari Nizhny Novgor v CSKA Moscow,6.4,6.4,87.2,A,87.2,A,0,0,100,0,0,100,10,10,80,28,6
2024-10-01,Rubin Kazan v Fakel Voronezh,66.7,20.8,12.5,H,66.7,A,50,50,0,83,17,0,70,10,20,28,7
2024-10-02,Akhmat Grozny v FC Krasnodar,54.2,9.4,36.5,H,54.2,H,0,50,50,17,0,83,80,5,15,28,7
2024-10-02,Dynamo Moscow v Spartak Moscow,46.0,6.0,48.0,A,48.0,A,0,50,50,57,0,43,50,0,50,29,8
2024-10-02,Zenit St Petersbur v Akron Tolyatti,88.6,6.8,4.5,H,88.6,H,0,0,0,86,0,14,90,10,0,27,7
2024-10-05,Akron Tolyatti v Pari Nizhny Novgor,63.5,0.0,36.5,H,63.5,D,0,0,0,44,0,56,75,0,25,29,8
2024-10-05,Rubin Kazan v Akhmat Grozny,61.4,4.5,34.1,H,61.4,H,0,0,0,43,14,43,70,0,30,27,7
2024-10-05,Spartak Moscow v FC Rostov,19.6,8.7,71.7,A,71.7,H,0,0,0,38,25,38,10,0,90,28,7
2024-10-05,Zenit St Petersbur v FC Orenburg,89.1,3.3,7.6,H,89.1,H,0,0,0,88,0,13,90,5,5,28,8
2024-10-06,Dynamo Moscow v CSKA Moscow,36.9,8.3,54.8,A,54.8,A,0,0,0,17,17,67,45,5,50,26,6
2024-10-06,Fakel Voronezh v Dynamo Makhachkala,36.4,11.4,52.3,A,52.3,D,0,0,0,29,14,57,40,10,50,27,6
2024-10-06,FC Krasnodar v FC Khimki,42.4,4.3,53.3,A,53.3,H,0,0,0,75,13,13,25,0,75,28,8
2024-10-06,Lokomotiv Moscow v Krylya Sovetov Sam,85.2,11.4,3.4,H,85.2,H,0,0,0,86,14,0,90,5,5,27,8
2024-10-18,Akhmat Grozny v Fakel Voronezh,80.2,7.3,12.5,H,80.2,A,0,0,0,56,11,33,100,0,0,29,8
2024-10-18,Akron Tolyatti v Zenit St Petersbur,9.8,5.9,84.3,A,84.3,A,0,0,100,11,0,89,10,10,80,30,10
2024-10-19,Dynamo Makhachkala v CSKA Moscow,19.6,8.7,71.7,A,71.7,A,0,0,0,0,25,75,30,0,70,28,7
2024-10-19,FC Khimki v Lokomotiv Moscow,18.8,8.0,73.2,A,73.2,H,0,0,100,0,0,100,35,15,50,32,11
2024-10-19,Pari Nizhny Novgor v FC Rostov,26.9,0.0,73.1,A,73.1,D,0,0,0,36,0,64,20,0,80,31,10
2024-10-19,Spartak Moscow v FC Krasnodar,23.9,0.0,76.1,A,76.1,A,0,0,0,50,0,50,10,0,90,28,9
2024-10-20,FC Orenburg v Krylya Sovetov Sam,79.2,4.2,16.7,H,79.2,D,0,0,0,44,11,44,100,0,0,29,8
2024-10-20,Rubin Kazan v Dynamo Moscow,40.2,10.9,48.9,A,48.9,A,0,0,0,50,13,38,35,10,55,28,9
2024-10-22,CSKA Moscow v Akhmat Grozny,60.2,2.8,37.0,H,60.2,H,100,0,0,89,0,11,35,5,60,31,11
2024-10-22,Dynamo Makhachkala v Spartak Moscow,32.4,9.3,58.3,A,58.3,A,50,50,0,22,11,67,35,0,65,31,10
2024-10-22,Fakel Voronezh v Zenit St Petersbur,3.7,12.0,84.3,A,84.3,A,0,0,100,11,11,78,5,5,90,31,10
2024-10-23,Akron Tolyatti v Rubin Kazan,41.3,2.9,55.8,A,55.8,A,0,0,100,50,0,50,45,5,50,30,10
2024-10-23,FC Krasnodar v Pari Nizhny Novgor,48.1,14.8,37.0,H,48.1,A,100,0,0,78,11,11,25,0,75,31,10
2024-10-23,FC Orenburg v FC Khimki,64.8,16.7,18.5,H,64.8,H,0,50,50,44,33,22,90,0,10,31,11
2024-10-24,Krylya Sovetov Sam v Dynamo Moscow,2.9,10.6,86.5,A,86.5,A,0,0,100,0,25,75,10,0,90,30,9
2024-10-26,CSKA Moscow v Fakel Voronezh,78.0,7.0,15.0,H,78.0,D,0,0,0,90,10,0,70,5,25,30,10
2024-10-26,Dynamo Makhachkala v Akron Tolyatti,25.0,13.0,62.0,A,62.0,D,0,0,0,40,10,50,15,15,70,30,9
2024-10-26,FC Rostov v Akhmat Grozny,57.4,8.3,34.3,H,57.4,A,0,0,0,67,0,33,50,15,35,32,11
2024-10-27,FC Khimki v Dynamo Moscow,21.2,0.0,78.8,A,78.8,A,0,0,0,9,0,91,30,0,70,31,10
2024-10-27,FC Orenburg v Rubin Kazan,62.5,5.8,31.7,H,62.5,A,0,0,0,45,0,55,75,10,15,31,10
2024-10-27,Pari Nizhny Novgor v Spartak Moscow,28.8,3.8,67.3,A,67.3,A,0,0,0,27,9,64,30,0,70,31,10
2024-10-27,Zenit St Petersbur v Lokomotiv Moscow,78.0,7.0,15.0,H,78.0,D,0,0,0,60,10,30,90,5,5,30,9
2024-10-28,Krylya Sovetov Sam v FC Krasnodar,33.0,3.0,64.0,A,64.0,A,0,0,0,30,0,70,35,5,60,30,10
2024-11-01,Dynamo Moscow v FC Rostov,67.0,5.4,27.7,H,67.0,D,0,0,0,69,0,31,65,10,25,33,12
2024-11-02,CSKA Moscow v Spartak Moscow,44.4,12.0,43.5,H,44.4,A,0,0,0,50,8,42,40,15,45,32,11
2024-11-02,Lokomotiv Moscow v Rubin Kazan,69.4,10.2,20.4,H,69.4,H,0,0,0,75,17,8,65,5,30,32,11
2024-11-02,Zenit St Petersbur v Dynamo Makhachkala,77.8,15.7,6.5,H,77.8,H,0,0,0,75,17,8,80,15,5,32,11
2024-11-03,Akhmat Grozny v Pari Nizhny Novgor,76.7,6.7,16.7,H,76.7,A,100,0,0,42,17,42,100,0,0,34,13
2024-11-03,Akron Tolyatti v Krylya Sovetov Sam,59.3,16.7,24.1,H,59.3,H,0,0,0,33,25,42,80,10,10,32,11
2024-11-03,Fakel Voronezh v FC Khimki,42.9,6.3,50.9,A,50.9,D,0,0,0,46,8,46,40,5,55,33,12
2024-11-03,FC Krasnodar v FC Orenburg,51.9,0.0,48.1,H,51.9,H,0,0,0,92,0,8,20,0,80,32,11
2024-11-09,Dynamo Makhachkala v FC Orenburg,25.9,15.5,58.6,A,58.6,H,0,0,0,43,21,36,10,10,80,34,13
2024-11-09,Dynamo Moscow v Pari Nizhny Novgor,80.2,10.3,9.5,H,80.2,H,0,0,0,64,21,14,95,0,5,34,13
2024-11-09,Lokomotiv Moscow v Fakel Voronezh,72.4,13.8,13.8,H,72.4,H,0,0,0,86,7,7,60,20,20,34,13
2024-11-09,FC Rostov v FC Khimki,71.3,10.7,18.0,H,71.3,H,100,0,0,64,7,29,75,15,10,35,14
2024-11-10,Akhmat Grozny v Zenit St Petersbur,34.5,6.9,58.6,A,58.6,A,0,0,0,7,14,79,60,0,40,34,14
2024-11-10,Krylya Sovetov Sam v CSKA Moscow,9.5,3.4,87.1,A,87.1,A,0,0,0,14,7,79,5,0,95,34,13
2024-11-10,Rubin Kazan v FC Krasnodar,60.3,6.0,33.6,H,60.3,D,0,0,0,29,7,64,90,5,5,34,13
2024-11-10,Spartak Moscow v Akron Tolyatti,30.2,10.3,59.5,A,59.5,H,0,0,0,57,21,21,5,0,95,34,13
2024-11-22,Rubin Kazan v Akron Tolyatti,59.7,9.7,30.6,H,59.7,H,100,0,0,57,7,36,50,15,35,37,16
2024-11-23,CSKA Moscow v FC Rostov,34.4,24.6,41.0,A,41.0,A,0,100,0,64,21,14,10,20,70,35,13
2024-11-23,FC Khimki v FC Krasnodar,33.6,11.5,54.9,A,54.9,D,0,0,100,14,14,71,55,10,35,35,14
2024-11-23,FC Orenburg v Zenit St Petersbur,28.7,2.5,68.9,A,68.9,A,0,0,100,14,0,86,45,5,50,35,14
2024-11-23,Spartak Moscow v Lokomotiv Moscow,22.1,18.9,59.0,A,59.0,H,0,0,100,43,36,21,5,5,90,35,14
2024-11-24,Fakel Voronezh v Dynamo Moscow,14.8,0.0,85.2,A,85.2,D,0,0,100,21,0,79,10,0,90,35,14
2024-11-24,Krylya Sovetov Sam v Akhmat Grozny,21.3,17.2,61.5,A,61.5,H,0,100,0,36,21,43,10,5,85,35,14
2024-11-24,Pari Nizhny Novgor v Dynamo Makhachkala,10.7,29.5,59.8,A,59.8,D,100,0,0,7,43,50,5,20,75,35,14
2024-11-26,CSKA Moscow v Rubin Kazan,42.6,17.2,40.2,H,42.6,H,0,100,0,50,21,29,40,0,60,35,14
2024-11-27,Akhmat Grozny v Zenit St Petersbur,25.4,9.0,65.6,A,65.6,A,0,0,100,7,14,79,45,0,55,35,15
2024-11-27,FC Rostov v Spartak Moscow,48.4,9.8,41.8,H,48.4,H,0,0,100,14,21,64,85,0,15,35,14
2024-11-30,Akron Tolyatti v FC Orenburg,38.5,11.5,50.0,A,50.0,H,0,100,0,57,14,29,25,0,75,35,14
2024-11-30,CSKA Moscow v Rubin Kazan,45.3,16.4,38.3,H,45.3,D,50,50,0,50,21,29,40,0,60,36,15
2024-11-30,FC Rostov v Pari Nizhny Novgor,78.7,4.9,16.4,H,78.7,H,0,100,0,64,0,36,100,0,0,35,14
2024-12-01,Dynamo Makhachkala v Fakel Voronezh,41.0,26.2,32.8,H,41.0,D,0,100,0,36,36,29,50,10,40,35,14
2024-12-01,FC Krasnodar v Spartak Moscow,45.1,6.6,48.4,A,48.4,A,100,0,0,29,14,57,55,0,45,35,14
2024-12-01,Lokomotiv Moscow v FC Khimki,63.4,12.7,23.9,H,63.4,A,67,0,33,71,14,14,55,10,35,37,16
2024-12-01,Zenit St Petersbur v Krylya Sovetov Sam,90.2,6.6,3.3,H,90.2,A,100,0,0,79,14,7,100,0,0,35,14
2024-12-02,Akhmat Grozny v Dynamo Moscow,34.4,11.5,54.1,A,54.1,D,0,0,100,21,14,64,50,5,45,35,14
2024-12-07,Dynamo Makhachkala v Rubin Kazan,28.7,15.6,55.7,A,55.7,A,0,0,100,36,29,36,25,5,70,35,14
2024-12-07,FC Rostov v Krylya Sovetov Sam,72.1,14.8,13.1,H,72.1,H,100,0,0,50,21,29,90,10,0,35,13
2024-12-07,Spartak Moscow v Pari Nizhny Novgor,56.6,2.5,41.0,H,56.6,H,100,0,0,86,0,14,30,0,70,35,15
2024-12-07,Zenit St Petersbur v Akron Tolyatti,72.7,7.0,20.3,H,72.7,A,100,0,0,86,0,14,55,5,40,36,15
2024-12-08,Akhmat Grozny v FC Orenburg,41.0,14.8,44.3,A,44.3,H,0,100,0,36,21,43,50,0,50,35,13
2024-12-08,Dynamo Moscow v FC Khimki,77.0,2.5,20.5,H,77.0,H,100,0,0,93,0,7,60,5,35,35,14
2024-12-08,Fakel Voronezh v CSKA Moscow,22.1,13.9,63.9,A,63.9,A,0,100,0,0,14,86,50,0,50,35,14
2024-12-08,FC Krasnodar v Lokomotiv Moscow,42.6,8.2,49.2,A,49.2,D,100,0,0,50,7,43,30,10,60,35,15
2025-02-28,Dynamo Makhachkala v Lokomotiv Moscow,32.0,8.2,59.8,A,59.8,D,0,0,100,21,7,71,45,10,45,35,14
2025-03-01,Akhmat Grozny v Rubin Kazan,62.3,2.5,35.2,H,62.3,H,0,0,100,50,0,50,80,5,15,35,14
2025-03-01,FC Krasnodar v Krylya Sovetov Sam,54.9,2.5,42.6,H,54.9,D,100,0,0,71,0,29,35,5,60,35,15
2025-03-01,Pari Nizhny Novgor v Akron Tolyatti,18.9,11.5,69.7,A,69.7,H,0,100,0,43,7,50,5,0,95,35,14
2025-03-01,Zenit St Petersbur v CSKA Moscow,54.9,13.9,31.1,H,54.9,D,100,0,0,50,14,36,60,10,30,35,14
2025-03-02,FC Khimki v Fakel Voronezh,53.3,11.5,35.2,H,53.3,H,0,100,0,36,14,50,75,0,25,35,14
2025-03-02,FC Rostov v Dynamo Moscow,42.6,13.9,43.4,A,43.4,D,0,100,0,29,14,57,60,5,35,35,14
2025-03-02,Spartak Moscow v FC Orenburg,48.4,0.0,51.6,A,51.6,H,0,0,100,100,0,0,5,0,95,35,14
2025-03-07,Lokomotiv Moscow v Akhmat Grozny,62.3,3.3,34.4,H,62.3,D,100,0,0,71,7,21,50,0,50,35,14
2025-03-07,Pari Nizhny Novgor v FC Krasnodar,14.2,10.4,75.4,A,75.4,A,33,0,67,7,14,79,20,5,75,37,16
2025-03-08,CSKA Moscow v FC Khimki,59.0,18.0,23.0,H,59.0,H,100,0,0,64,29,7,50,5,45,35,14
2025-03-08,Dynamo Moscow v Dynamo Makhachkala,50.0,19.5,30.5,H,50.0,H,100,0,0,50,29,21,40,15,45,36,15
2025-03-08,Fakel Voronezh v Zenit St Petersbur,9.7,6.0,84.3,A,84.3,A,0,0,100,7,14,79,15,0,85,37,16
2025-03-08,FC Orenburg v FC Rostov,20.9,9.7,69.4,A,69.4,A,0,0,100,29,7,64,20,10,70,37,16
2025-03-09,Krylya Sovetov Sam v Akron Tolyatti,41.0,10.7,48.4,A,48.4,A,0,0,100,57,7,36,30,5,65,35,14
2025-03-09,Rubin Kazan v Spartak Moscow,36.9,10.7,52.5,A,52.5,H,0,0,100,21,7,71,55,15,30,35,14
2025-03-11,Dynamo Makhachkala v Lokomotiv Moscow,27.3,15.6,57.0,A,57.0,A,0,50,50,14,14,71,45,10,45,36,15
2025-03-11,FC Krasnodar v Akhmat Grozny,47.8,7.5,44.8,H,47.8,A,33,33,33,93,7,0,10,0,90,37,17
2025-03-12,Akron Tolyatti v Spartak Moscow,29.5,16.4,54.1,A,54.1,A,0,0,100,21,14,64,40,20,40,35,14
2025-03-12,CSKA Moscow v Dynamo Moscow,34.4,0.0,65.6,A,65.6,H,100,0,0,43,0,57,20,0,80,35,14
2025-03-12,Lokomotiv Moscow v Akhmat Grozny,54.7,12.5,32.8,H,54.7,H,50,50,0,71,7,21,50,0,50,36,15
2025-03-12,FC Rostov v Zenit St Petersbur,32.0,14.8,53.3,A,53.3,A,0,0,100,29,14,57,45,5,50,35,14
2025-03-15,Dynamo Makhachkala v Krylya Sovetov Sam,55.5,18.8,25.8,H,55.5,H,100,0,0,57,21,21,55,10,35,36,15
2025-03-15,FC Khimki v Akhmat Grozny,30.3,12.3,57.4,A,57.4,D,0,100,0,50,0,50,15,5,80,35,14
2025-03-15,Lokomotiv Moscow v Dynamo Moscow,32.0,11.5,56.6,A,56.6,H,0,0,100,43,14,43,25,10,65,35,13
2025-03-15,FC Orenburg v Fakel Voronezh,62.3,2.5,35.2,H,62.3,H,0,0,100,50,0,50,80,5,15,35,14
2025-03-16,Akron Tolyatti v CSKA Moscow,23.0,8.2,68.9,A,68.9,A,0,0,100,29,7,64,20,10,70,35,15
2025-03-16,FC Rostov v FC Krasnodar,59.8,13.1,27.0,H,59.8,A,0,0,100,29,21,50,95,0,5,35,14
2025-03-16,Rubin Kazan v Pari Nizhny Novgor,86.9,6.6,6.6,H,86.9,H,100,0,0,71,14,14,100,0,0,35,14
2025-03-16,Spartak Moscow v Zenit St Petersbur,27.9,10.7,61.5,A,61.5,H,0,100,0,50,0,50,10,5,85,35,14
2025-03-28,Krylya Sovetov Sam v Lokomotiv Moscow,24.6,10.7,64.8,A,64.8,H,0,0,100,21,7,71,30,10,60,35,14
2025-03-29,CSKA Moscow v Dynamo Makhachkala,56.6,9.0,34.4,H,56.6,H,100,0,0,64,14,21,45,5,50,35,14
2025-03-29,Dynamo Moscow v FC Orenburg,59.0,13.1,27.9,H,59.0,H,0,100,0,86,7,7,40,5,55,35,14
2025-03-29,FC Khimki v Pari Nizhny Novgor,68.0,9.0,23.0,H,68.0,H,0,0,100,57,14,29,85,5,10,35,14
2025-03-30,Akhmat Grozny v Spartak Moscow,45.9,10.7,43.4,H,45.9,D,0,100,0,14,7,79,85,0,15,35,14
2025-03-30,FC Krasnodar v Fakel Voronezh,56.6,15.6,27.9,H,56.6,H,0,100,0,86,7,7,40,0,60,35,14
2025-03-30,Zenit St Petersbur v Rubin Kazan,70.1,7.5,22.4,H,70.1,H,100,0,0,71,7,21,65,5,30,37,17
2025-03-31,Akron Tolyatti v FC Rostov,14.8,14.8,70.5,A,70.5,A,100,0,0,21,21,57,0,10,90,35,14
2025-04-04,Pari Nizhny Novgor v FC Orenburg,25.4,12.3,62.3,A,62.3,A,100,0,0,29,14,57,15,5,80,35,14
2025-04-05,Fakel Voronezh v Akhmat Grozny,34.4,9.0,56.6,A,56.6,D,100,0,0,29,7,64,45,0,55,35,14
2025-04-05,FC Krasnodar v Akron Tolyatti,45.1,8.2,46.7,A,46.7,H,100,0,0,71,7,21,20,0,80,35,14
2025-04-05,Krylya Sovetov Sam v Rubin Kazan,27.0,13.9,59.0,A,59.0,D,100,0,0,43,14,43,5,10,85,35,14
2025-04-05,Lokomotiv Moscow v Zenit St Petersbur,26.2,21.3,52.5,A,52.5,D,0,100,0,36,14,50,30,10,60,35,14
2025-04-06,CSKA Moscow v Dynamo Moscow,42.2,4.7,53.1,A,53.1,H,100,0,0,43,0,57,30,5,65,36,15
2025-04-06,Dynamo Makhachkala v FC Khimki,42.6,24.6,32.8,H,42.6,H,0,100,0,50,21,29,40,20,40,35,15
2025-04-06,FC Rostov v Spartak Moscow,47.7,12.5,39.8,H,47.7,A,50,0,50,7,29,64,85,0,15,36,15
2025-04-11,Spartak Moscow v Dynamo Makhachkala,39.6,9.7,50.7,A,50.7,A,33,33,33,79,7,14,10,0,90,37,16
2025-04-12,Akhmat Grozny v FC Rostov,40.2,12.3,47.5,A,47.5,H,100,0,0,29,0,71,50,0,50,35,15
2025-04-12,FC Orenburg v CSKA Moscow,40.2,4.9,54.9,A,54.9,A,0,0,100,7,0,93,80,5,15,35,14
2025-04-12,Pari Nizhny Novgor v Dynamo Moscow,7.4,5.7,86.9,A,86.9,D,0,0,100,0,7,93,15,5,80,35,15
2025-04-12,Rubin Kazan v Lokomotiv Moscow,41.0,9.8,49.2,A,49.2,H,0,0,100,36,0,64,55,10,35,35,14
2025-04-13,Akron Tolyatti v Fakel Voronezh,60.4,6.0,33.6,H,60.4,H,100,0,0,43,14,43,65,0,35,37,13
2025-04-13,FC Khimki v Krylya Sovetov Sam,27.9,16.4,55.7,A,55.7,A,0,100,0,29,14,57,30,10,60,35,14
2025-04-13,Zenit St Petersbur v FC Krasnodar,60.7,8.2,31.1,H,60.7,H,0,0,100,57,7,36,75,5,20,35,14
2025-04-15,Lokomotiv Moscow v Akhmat Grozny,56.7,9.7,33.6,H,56.7,H,67,33,0,71,7,21,45,0,55,37,16
2025-04-15,Spartak Moscow v Ural Yekaterinburg,42.9,17.1,40.0,H,42.9,H,100,0,0,0,0,100,45,15,40,22,2
2025-04-16,Dynamo Moscow v CSKA Moscow,39.6,4.5,56.0,A,56.0,D,0,0,100,57,0,43,45,0,55,37,16
2025-04-16,Zenit St Petersbur v FC Rostov,65.6,10.9,23.4,H,65.6,H,100,0,0,64,7,29,60,10,30,36,15
2025-04-19,Akron Tolyatti v Spartak Moscow,22.7,15.6,61.7,A,61.7,A,0,0,100,21,7,71,35,20,45,36,15
2025-04-19,FC Krasnodar v Akhmat Grozny,41.4,9.3,49.3,A,49.3,H,25,25,50,93,7,0,0,0,100,38,18
2025-04-19,Lokomotiv Moscow v Pari Nizhny Novgor,91.8,4.9,3.3,H,91.8,H,100,0,0,93,0,7,95,5,0,35,14
2025-04-19,FC Orenburg v Dynamo Makhachkala,38.5,20.5,41.0,A,41.0,H,0,0,100,14,21,64,65,15,20,35,14
2025-04-20,CSKA Moscow v Krylya Sovetov Sam,63.1,20.5,16.4,H,63.1,D,100,0,0,79,7,14,45,25,30,35,14
2025-04-20,Dynamo Moscow v Rubin Kazan,53.3,12.3,34.4,H,53.3,H,100,0,0,57,14,29,50,0,50,35,14
2025-04-20,Fakel Voronezh v FC Rostov,13.9,11.5,74.6,A,74.6,A,0,0,100,14,14,71,20,5,75,35,14
2025-04-20,Zenit St Petersbur v FC Khimki,87.7,9.8,2.5,H,87.7,H,0,100,0,100,0,0,85,0,15,35,14
2025-04-25,Dynamo Makhachkala v FC Krasnodar,43.4,8.2,48.4,A,48.4,A,0,100,0,21,0,79,75,0,25,35,13
2025-04-26,Dynamo Moscow v Zenit St Petersbur,18.9,9.0,72.1,A,72.1,D,0,0,100,43,7,50,5,5,90,35,14
2025-04-26,Pari Nizhny Novgor v Akhmat Grozny,15.7,3.0,81.3,A,81.3,H,33,0,67,21,7,71,5,0,95,37,16
2025-04-26,FC Rostov v Lokomotiv Moscow,47.7,9.4,43.0,H,47.7,D,0,0,100,29,14,57,75,0,25,36,15
2025-04-26,Spartak Moscow v CSKA Moscow,37.7,9.0,53.3,A,53.3,A,100,0,0,50,14,36,25,0,75,35,15
2025-04-27,FC Khimki v Akron Tolyatti,20.5,21.3,58.2,A,58.2,D,0,0,100,29,36,36,25,0,75,35,14
2025-04-27,Krylya Sovetov Sam v FC Orenburg,43.4,7.4,49.2,A,49.2,H,0,100,0,57,0,43,35,0,65,35,14
2025-04-27,Rubin Kazan v Fakel Voronezh,62.7,11.9,25.4,H,62.7,H,33,33,33,64,7,29,70,10,20,37,17
2025-04-29,Spartak Moscow v Dynamo Moscow,29.9,24.6,45.5,A,45.5,H,67,33,0,50,21,29,5,15,80,37,16
2025-04-30,Lokomotiv Moscow v FC Rostov,36.6,13.4,50.0,A,50.0,A,67,33,0,57,14,29,15,0,85,37,16
2025-04-30,Spartak Moscow v FC Rostov,35.8,11.9,52.2,A,52.2,A,67,0,33,64,21,14,0,0,100,37,16
2025-04-30,Zenit St Petersbur v CSKA Moscow,57.0,15.6,27.3,H,57.0,H,50,50,0,57,7,36,65,5,30,36,15
2025-05-02,Akron Tolyatti v Dynamo Makhachkala,17.2,23.8,59.0,A,59.0,H,0,100,0,21,36,43,15,5,80,35,14
2025-05-03,FC Krasnodar v Rubin Kazan,49.2,18.9,32.0,H,49.2,H,0,100,0,64,7,29,40,0,60,35,14
2025-05-03,Lokomotiv Moscow v FC Orenburg,69.4,6.7,23.9,H,69.4,D,100,0,0,86,0,14,45,5,50,37,16
2025-05-04,Akhmat Grozny v CSKA Moscow,32.8,12.7,54.5,A,54.5,D,0,0,100,21,7,71,75,0,25,37,16
2025-05-04,Fakel Voronezh v Spartak Moscow,32.8,11.5,55.7,A,55.7,D,0,0,100,14,7,79,65,5,30,35,15
2025-05-04,FC Khimki v FC Rostov,9.4,2.3,88.3,A,88.3,D,0,0,100,21,0,79,0,0,100,36,15
2025-05-04,Zenit St Petersbur v Pari Nizhny Novgor,92.6,2.5,4.9,H,92.6,H,100,0,0,100,0,0,85,5,10,35,14
2025-05-05,Krylya Sovetov Sam v Dynamo Moscow,28.4,2.2,69.4,A,69.4,A,0,0,100,36,0,64,30,5,65,37,16
2025-05-10,CSKA Moscow v FC Krasnodar,41.8,12.7,45.5,A,45.5,H,33,0,67,36,14,50,60,5,35,37,16
2025-05-10,Dynamo Makhachkala v Zenit St Petersbur,19.7,5.7,74.6,A,74.6,A,0,0,100,21,7,71,20,5,75,35,14
2025-05-10,FC Orenburg v FC Khimki,56.0,18.7,25.4,H,56.0,D,33,33,33,29,21,50,100,0,0,37,16
2025-05-11,Akron Tolyatti v Akhmat Grozny,26.2,15.6,58.2,A,58.2,H,0,100,0,36,7,57,25,5,70,35,14
2025-05-11,Dynamo Moscow v Spartak Moscow,26.4,23.6,50.0,A,50.0,H,0,25,75,29,21,50,40,15,45,38,17
2025-05-11,Fakel Voronezh v Lokomotiv Moscow,12.3,4.9,82.8,A,82.8,A,0,0,100,0,0,100,30,0,70,35,15
2025-05-11,Rubin Kazan v FC Rostov,21.3,22.1,56.6,A,56.6,H,0,100,0,36,7,57,10,10,80,35,14
2025-05-12,Pari Nizhny Novgor v Krylya Sovetov Sam,30.3,8.2,61.5,A,61.5,H,0,0,100,29,7,64,35,10,55,35,14
2025-05-15,Spartak Moscow v FC Rostov,37.1,5.7,57.1,A,57.1,A,50,0,50,71,7,21,0,0,100,38,17
2025-05-17,FC Khimki v Rubin Kazan,18.9,13.9,67.2,A,67.2,H,100,0,0,14,14,71,25,0,75,35,15
2025-05-17,FC Orenburg v FC Krasnodar,41.8,8.2,50.0,A,50.0,A,0,0,100,0,7,93,85,5,10,35,14
2025-05-17,Pari Nizhny Novgor v Fakel Voronezh,23.8,35.2,41.0,A,41.0,D,0,100,0,36,29,36,20,20,60,35,14
2025-05-18,Akhmat Grozny v Dynamo Makhachkala,44.3,18.0,37.7,H,44.3,D,0,0,100,43,21,36,55,0,45,35,14
2025-05-18,Dynamo Moscow v Akron Tolyatti,83.6,4.9,11.5,H,83.6,H,100,0,0,86,0,14,85,5,10,35,15
2025-05-18,Krylya Sovetov Sam v Spartak Moscow,37.3,2.2,60.4,A,60.4,A,0,0,100,36,0,64,50,5,45,37,17
2025-05-18,FC Rostov v Zenit St Petersbur,24.6,20.9,54.5,A,54.5,A,0,0,100,29,14,57,40,5,55,37,16
2025-05-19,Akron Tolyatti v Lokomotiv Moscow,23.0,4.9,72.1,A,72.1,A,0,0,100,29,0,71,30,0,70,35,14
2025-05-19,CSKA Moscow v Pari Nizhny Novgor,82.8,10.2,7.0,H,82.8,H,100,0,0,93,7,0,80,5,15,36,15
2025-05-19,Dynamo Makhachkala v FC Rostov,27.9,17.2,54.9,A,54.9,D,0,100,0,36,14,50,35,0,65,35,14
2025-05-19,Fakel Voronezh v Krylya Sovetov Sam,53.3,6.6,40.2,H,53.3,D,0,0,100,36,14,50,75,0,25,35,14
2025-05-19,FC Krasnodar v Dynamo Moscow,37.7,17.2,45.1,A,45.1,H,100,0,0,50,21,29,20,0,80,35,14
2025-05-19,Lokomotiv Moscow v CSKA Moscow,39.3,19.7,41.0,A,41.0,D,100,0,0,29,14,57,55,10,35,35,14
2025-05-19,Rubin Kazan v FC Orenburg,61.5,13.9,24.6,H,61.5,H,100,0,0,64,14,21,55,10,35,35,14
2025-05-19,Spartak Moscow v FC Khimki,68.0,13.9,18.0,H,68.0,H,100,0,0,86,7,7,65,5,30,35,14
2025-05-19,Zenit St Petersbur v Akhmat Grozny,73.4,7.0,19.5,H,73.4,H,100,0,0,93,0,7,55,0,45,36,15
2025-07-12,FC Krasnodar v CSKA Moscow,37.1,7.1,55.7,A,55.7,A,50,0,50,50,7,43,20,0,80,38,17
2025-07-17,Víkingur Reykjavík v Malisheva,100.0,0.0,0.0,H,100.0,H,100,0,0,0,0,0,0,0,0,1,1
2025-07-19,Akron Tolyatti v Krylya Sovetov Sam,35.2,18.0,46.9,A,46.9,D,100,0,0,43,14,43,15,20,65,36,16
2025-07-19,Spartak Moscow v Dynamo Makhachkala,38.6,9.3,52.1,A,52.1,H,25,25,50,86,7,7,5,0,95,38,17
2025-07-20,Akhmat Grozny v Rubin Kazan,60.9,7.8,31.3,H,60.9,A,50,0,50,43,7,50,90,0,10,36,15
2025-07-20,Pari Nizhny Novgor v FC Krasnodar,12.9,8.6,78.6,A,78.6,A,25,0,75,0,14,86,20,0,80,38,17
2025-07-20,Zenit St Petersbur v FC Rostov,52.1,17.9,30.0,H,52.1,H,100,0,0,57,14,29,45,5,50,38,17
2025-07-21,FC Orenburg v CSKA Moscow,31.3,7.8,60.9,A,60.9,D,0,0,100,7,7,86,65,0,35,36,15
2025-07-25,Krylya Sovetov Sam v Pari Nizhny Novgor,68.0,10.9,21.1,H,68.0,H,50,0,50,64,7,29,75,5,20,36,15
2025-07-26,Dynamo Moscow v FC Rostov,30.5,17.2,52.3,A,52.3,H,0,100,0,64,7,29,10,5,85,36,15
2025-07-26,FC Krasnodar v Lokomotiv Moscow,32.0,12.5,55.5,A,55.5,A,50,50,0,57,7,36,5,0,95,36,15
2025-07-26,PFC Sochi v Akron Tolyatti,14.1,4.7,81.3,A,81.3,A,0,0,0,0,0,100,15,5,80,21,1
2025-07-26,Spartak Moscow v Baltika Kaliningra,34.4,4.7,60.9,A,60.9,A,0,0,0,100,0,0,30,5,65,21,1
2025-07-27,CSKA Moscow v Akhmat Grozny,50.7,17.9,31.4,H,50.7,H,75,25,0,86,0,14,20,15,65,38,17
2025-07-27,FC Orenburg v Dynamo Makhachkala,35.9,26.6,37.5,A,37.5,D,50,0,50,7,50,43,60,10,30,36,15
2025-07-27,Rubin Kazan v Zenit St Petersbur,15.0,7.1,77.9,A,77.9,D,0,0,100,21,7,71,20,5,75,38,17
2025-07-29,Drita v Copenhagen,0.0,0.0,100.0,A,100.0,A,0,0,100,0,0,0,0,0,0,1,1
2025-07-29,Akron Tolyatti v Baltika Kaliningra,0.0,0.0,100.0,A,100.0,H,0,0,0,0,0,100,0,0,100,22,2
2025-07-29,Dynamo Moscow v PFC Sochi,100.0,0.0,0.0,H,100.0,H,0,0,0,100,0,0,100,0,0,22,2
2025-07-29,FC Krasnodar v Krylya Sovetov Sam,57.0,19.5,23.4,H,57.0,A,50,50,0,79,0,21,55,0,45,36,15
2025-07-30,Akhmat Grozny v Zenit St Petersbur,16.4,9.0,74.6,A,74.6,A,0,0,100,7,0,93,40,5,55,37,16
2025-07-30,CSKA Moscow v Lokomotiv Moscow,29.7,13.3,57.0,A,57.0,H,0,50,50,57,7,36,10,5,85,36,15
2025-07-30,Dynamo Makhachkala v Pari Nizhny Novgor,68.0,16.4,15.6,H,68.0,H,0,50,50,64,21,14,85,0,15,36,15
2025-07-30,FC Rostov v Spartak Moscow,44.5,5.5,50.0,A,50.0,A,60,0,40,14,14,71,65,0,35,39,18
2025-07-31,Hibernian v Midtjylland,0.0,100.0,0.0,H,0.0,A,0,100,0,0,0,0,0,0,0,1,1
2025-07-31,Rubin Kazan v FC Orenburg,60.9,15.6,23.4,H,60.9,H,100,0,0,64,14,21,55,10,35,36,15
2025-08-02,FC Krasnodar v Dynamo Moscow,38.3,14.1,47.7,A,47.7,H,100,0,0,57,14,29,15,0,85,36,15
2025-08-02,Pari Nizhny Novgor v Lokomotiv Moscow,3.1,2.3,94.5,A,94.5,A,0,0,100,7,0,93,0,0,100,36,15
2025-08-02,FC Rostov v Krylya Sovetov Sam,81.3,3.1,15.6,H,81.3,A,100,0,0,64,0,36,100,0,0,36,13
2025-08-03,Akron Tolyatti v Spartak Moscow,11.6,11.6,76.8,A,76.8,D,0,0,100,27,7,67,5,10,85,38,17
2025-08-03,Baltika Kaliningra v FC Orenburg,48.6,12.5,38.9,H,48.6,H,0,0,0,67,0,33,45,5,50,23,3
2025-08-03,Dynamo Makhachkala v Akhmat Grozny,43.8,21.9,34.4,H,43.8,H,50,50,0,36,14,50,55,5,40,36,15
2025-08-03,Zenit St Petersbur v CSKA Moscow,47.8,30.6,21.6,H,47.8,D,67,33,0,50,14,36,70,5,25,37,16
2025-08-04,Rubin Kazan v PFC Sochi,94.4,0.0,5.6,H,94.4,H,0,0,0,67,0,33,100,0,0,23,3
2025-08-08,Dynamo Makhachkala v Akron Tolyatti,62.5,15.6,21.9,H,62.5,D,0,50,50,64,7,29,80,5,15,36,15
2025-08-09,Akhmat Grozny v Zenit St Petersbur,15.7,8.6,75.7,A,75.7,H,0,0,100,7,0,93,40,5,55,38,17
2025-08-09,CSKA Moscow v Rubin Kazan,44.0,25.4,30.6,H,44.0,H,33,67,0,64,21,14,35,5,60,37,16
2025-08-09,Krylya Sovetov Sam v Baltika Kaliningra,3.9,13.2,82.9,A,82.9,D,0,0,0,0,25,75,15,0,85,24,4
2025-08-09,Lokomotiv Moscow v Spartak Moscow,47.7,3.1,49.2,A,49.2,H,50,0,50,29,7,64,65,0,35,36,15
2025-08-10,FC Orenburg v FC Krasnodar,37.5,10.2,52.3,A,52.3,A,0,0,100,0,7,93,95,0,5,36,15
2025-08-10,FC Rostov v Pari Nizhny Novgor,79.7,14.1,6.3,H,79.7,H,50,50,0,64,14,21,100,0,0,36,15
2025-08-10,PFC Sochi v Dynamo Moscow,0.0,0.0,100.0,A,100.0,D,0,0,100,0,0,100,0,0,100,24,4
2025-08-12,Zenit St Petersbur v Rubin Kazan,74.0,11.6,14.4,H,74.0,H,80,20,0,64,14,21,80,0,20,39,18
2025-08-13,Dynamo Moscow v FC Krasnodar,36.6,16.4,47.0,A,47.0,A,0,0,100,29,21,50,65,0,35,37,16
2025-08-13,Lokomotiv Moscow v Baltika Kaliningra,50.0,8.8,41.3,H,50.0,H,0,0,0,20,20,60,60,0,40,25,4
2025-08-13,FC Orenburg v Akhmat Grozny,35.2,22.7,42.2,A,42.2,H,0,50,50,29,21,50,60,0,40,36,13
2025-08-14,Hibernian v Partizan,100.0,0.0,0.0,H,100.0,A,100,0,0,0,0,0,0,0,0,1,1
2025-08-14,Pari Nizhny Novgor v FC Rostov,12.7,13.4,73.9,A,73.9,H,0,33,67,21,14,64,15,0,85,37,16
2025-08-16,Akhmat Grozny v Krylya Sovetov Sam,60.9,13.3,25.8,H,60.9,H,0,50,50,50,0,50,90,0,10,36,15
2025-08-16,Baltika Kaliningra v Lokomotiv Moscow,31.4,11.6,57.0,A,57.0,D,0,0,100,60,20,20,35,0,65,26,5
2025-08-16,Spartak Moscow v Zenit St Petersbur,16.4,10.9,72.7,A,72.7,D,50,50,0,29,0,71,5,0,95,36,15
2025-08-17,Akron Tolyatti v FC Orenburg,31.1,12.1,56.8,A,56.8,A,50,50,0,53,7,40,5,0,95,37,16
2025-08-17,Dynamo Moscow v CSKA Moscow,39.3,17.1,43.6,A,43.6,A,0,25,75,57,7,36,55,0,45,38,17
2025-08-17,FC Krasnodar v PFC Sochi,100.0,0.0,0.0,H,100.0,H,0,0,0,100,0,0,100,0,0,24,4
2025-08-17,Rubin Kazan v FC Rostov,35.9,17.2,46.9,A,46.9,H,50,50,0,50,7,43,30,0,70,36,15
2025-08-18,Pari Nizhny Novgor v Dynamo Makhachkala,14.9,13.4,71.6,A,71.6,H,33,33,33,14,21,64,10,0,90,37,16
2025-08-22,FC Orenburg v Akhmat Grozny,43.3,18.7,38.1,H,43.3,D,33,33,33,36,14,50,60,5,35,37,13
2025-08-23,Dynamo Moscow v Pari Nizhny Novgor,85.2,4.7,10.2,H,85.2,H,50,50,0,93,0,7,85,0,15,36,15
2025-08-23,Lokomotiv Moscow v FC Rostov,55.0,10.0,35.0,H,55.0,D,50,25,25,57,0,43,55,0,45,38,18
2025-08-23,Rubin Kazan v Spartak Moscow,47.0,5.3,47.7,A,47.7,A,50,0,50,33,0,67,60,5,35,37,16
2025-08-23,Zenit St Petersbur v Dynamo Makhachkala,71.9,9.4,18.8,H,71.9,H,100,0,0,79,0,21,70,5,25,36,15
2025-08-24,CSKA Moscow v Akron Tolyatti,64.1,5.5,30.5,H,64.1,H,100,0,0,71,7,21,50,0,50,36,15
2025-08-24,Krylya Sovetov Sam v FC Krasnodar,32.8,19.4,47.8,A,47.8,A,33,33,33,14,0,86,60,10,30,37,16
2025-08-24,PFC Sochi v Baltika Kaliningra,0.0,0.0,100.0,A,100.0,A,0,0,0,0,0,100,0,0,100,23,3
2025-08-26,Akhmat Grozny v Rubin Kazan,66.4,4.5,29.1,H,66.4,H,33,0,67,57,0,43,95,0,5,37,16
2025-08-26,FC Orenburg v Zenit St Petersbur,21.9,5.5,72.7,A,72.7,A,0,0,100,7,0,93,40,5,55,36,15
2025-08-26,Spartak Moscow v Pari Nizhny Novgor,76.6,13.3,10.2,H,76.6,H,100,0,0,86,7,7,70,15,15,36,16
2025-08-27,Baltika Kaliningra v CSKA Moscow,47.6,10.7,41.7,H,47.6,A,0,0,0,17,0,83,70,0,30,26,6
2025-08-27,FC Rostov v Dynamo Makhachkala,59.4,23.4,17.2,H,59.4,A,0,100,0,50,7,43,80,5,15,36,15
2025-08-27,PFC Sochi v FC Krasnodar,0.0,0.0,100.0,A,100.0,A,0,0,100,0,0,100,0,0,100,25,5
2025-08-28,Legia Warsaw v Hibernian,100.0,0.0,0.0,H,100.0,D,100,0,0,0,0,0,0,0,0,1,1
2025-08-28,Lokomotiv Moscow v Akron Tolyatti,75.7,5.1,19.1,H,75.7,H,100,0,0,63,6,31,85,5,10,38,16
2025-08-30,FC Orenburg v Rubin Kazan,43.3,15.7,41.0,H,43.3,D,0,0,100,29,7,64,75,5,20,37,16
2025-08-30,FC Rostov v Akhmat Grozny,52.3,16.4,31.3,H,52.3,D,0,0,100,50,21,29,70,0,30,36,15
2025-08-30,Spartak Moscow v PFC Sochi,95.2,0.0,4.8,H,95.2,H,0,0,0,83,0,17,100,0,0,26,6
2025-08-30,Zenit St Petersbur v Pari Nizhny Novgor,93.0,2.3,4.7,H,93.0,H,100,0,0,100,0,0,90,0,10,36,15
2025-08-31,Akron Tolyatti v Baltika Kaliningra,18.1,0.0,81.9,A,81.9,A,100,0,0,29,0,71,5,0,95,28,7
2025-08-31,CSKA Moscow v FC Krasnodar,40.4,11.6,47.9,A,47.9,D,60,0,40,36,7,57,40,5,55,39,18
2025-08-31,Dynamo Makhachkala v Dynamo Moscow,31.3,6.7,61.9,A,61.9,H,0,0,100,21,0,79,55,5,40,37,16
2025-08-31,Lokomotiv Moscow v Krylya Sovetov Sam,78.8,9.1,12.1,H,78.8,D,50,0,50,73,20,7,90,0,10,37,16
2025-09-12,Rubin Kazan v Dynamo Makhachkala,43.8,21.1,35.2,H,43.8,H,100,0,0,36,14,50,50,5,45,36,16
2025-09-13,Akhmat Grozny v Lokomotiv Moscow,27.9,15.7,56.4,A,56.4,D,0,25,75,21,0,79,60,0,40,38,17
2025-09-13,Dynamo Moscow v Spartak Moscow,37.0,13.0,50.0,A,50.0,D,20,20,60,38,6,56,50,0,50,41,20
2025-09-13,FC Krasnodar v Akron Tolyatti,65.2,12.9,22.0,H,65.2,H,100,0,0,87,0,13,60,0,40,37,16
2025-09-13,Pari Nizhny Novgor v FC Orenburg,25.0,14.8,60.2,A,60.2,H,50,0,50,43,7,50,10,0,90,36,15
2025-09-14,Baltika Kaliningra v Zenit St Petersbur,21.6,6.8,71.6,A,71.6,D,0,0,0,14,0,86,25,0,75,27,7
2025-09-14,Krylya Sovetov Sam v PFC Sochi,90.9,0.0,9.1,H,90.9,H,0,0,0,71,0,29,100,0,0,27,7
2025-09-14,FC Rostov v CSKA Moscow,38.3,25.8,35.9,H,38.3,H,50,50,0,7,7,86,75,5,20,36,14
2025-09-16,Akron Tolyatti v Lokomotiv Moscow,14.1,0.0,85.9,A,85.9,A,0,0,100,31,0,69,0,0,100,39,16
2025-09-16,Pari Nizhny Novgor v Dynamo Makhachkala,16.4,15.0,68.6,A,68.6,A,50,25,25,14,14,71,5,0,95,38,17
2025-09-17,Krylya Sovetov Sam v FC Krasnodar,24.3,26.4,49.3,A,49.3,A,25,25,50,13,0,87,65,5,30,39,18
2025-09-17,PFC Sochi v Dynamo Moscow,0.0,6.0,94.0,A,94.0,A,0,50,50,0,0,100,0,0,100,29,8
2025-09-17,Zenit St Petersbur v Akhmat Grozny,74.7,4.1,21.2,H,74.7,H,80,0,20,93,0,7,60,0,40,39,18
2025-09-18,Spartak Moscow v FC Rostov,40.1,6.6,53.3,A,53.3,A,50,0,50,71,0,29,10,5,85,40,19
2025-09-20,Akron Tolyatti v Rubin Kazan,18.1,9.7,72.2,A,72.2,D,0,0,100,40,0,60,15,0,85,39,18
2025-09-20,Dynamo Makhachkala v Lokomotiv Moscow,29.1,11.9,59.0,A,59.0,D,0,33,67,29,0,71,45,5,50,37,16
2025-09-20,Pari Nizhny Novgor v Akhmat Grozny,24.3,2.1,73.6,A,73.6,A,50,0,50,29,0,71,10,0,90,38,17
2025-09-21,Baltika Kaliningra v FC Rostov,37.0,14.1,48.9,A,48.9,D,0,0,0,50,0,50,30,0,70,28,7
2025-09-21,FC Krasnodar v Zenit St Petersbur,25.8,5.5,68.8,A,68.8,A,50,0,50,43,0,57,5,0,95,36,15
2025-09-21,FC Orenburg v Dynamo Moscow,23.5,21.2,55.3,A,55.3,A,0,50,50,13,0,87,60,10,30,37,16
2025-09-21,Spartak Moscow v Krylya Sovetov Sam,58.1,0.0,41.9,H,58.1,H,100,0,0,69,0,31,30,0,70,40,19
2025-09-22,PFC Sochi v CSKA Moscow,0.0,3.3,96.7,A,96.7,A,0,0,0,0,0,100,5,0,95,28,8
2025-09-26,Krylya Sovetov Sam v Dynamo Moscow,20.9,7.4,71.6,A,71.6,A,0,0,100,25,13,63,25,5,70,40,19
2025-09-27,Akhmat Grozny v Akron Tolyatti,62.5,13.3,24.2,H,62.5,H,0,50,50,64,7,29,85,0,15,36,15
2025-09-27,Lokomotiv Moscow v Rubin Kazan,70.5,18.9,10.6,H,70.5,H,50,0,50,67,7,27,90,0,10,37,16
2025-09-27,FC Rostov v FC Krasnodar,47.7,5.5,46.9,H,47.7,D,0,0,100,7,7,86,100,0,0,36,15
2025-09-27,Zenit St Petersbur v FC Orenburg,76.8,7.2,15.9,H,76.8,H,100,0,0,93,0,7,70,0,30,38,17
2025-09-28,CSKA Moscow v Baltika Kaliningra,31.4,3.9,64.7,A,64.7,H,100,0,0,56,11,33,10,0,90,30,9
2025-09-28,Dynamo Makhachkala v PFC Sochi,95.7,0.0,4.3,H,95.7,D,0,0,0,88,0,13,100,0,0,28,8
2025-09-28,Spartak Moscow v Pari Nizhny Novgor,80.6,9.7,9.7,H,80.6,H,100,0,0,86,0,14,75,10,15,37,17
2025-09-30,Akhmat Grozny v FC Orenburg,60.0,16.4,23.6,H,60.0,A,25,50,25,64,7,29,75,0,25,38,13
2025-09-30,Rubin Kazan v Zenit St Petersbur,5.9,9.9,84.2,A,84.2,A,0,17,83,0,0,100,15,5,80,40,20
2025-10-01,Baltika Kaliningra v Akron Tolyatti,69.4,8.3,22.2,H,69.4,H,50,0,50,67,0,33,75,10,15,31,10
2025-10-01,Pari Nizhny Novgor v Spartak Moscow,7.1,7.1,85.7,A,85.7,A,0,0,100,14,0,86,10,5,85,38,17
2025-10-04,Akron Tolyatti v Zenit St Petersbur,7.2,2.9,89.9,A,89.9,D,33,0,67,7,0,93,0,0,100,38,17
2025-10-04,Dynamo Moscow v Lokomotiv Moscow,30.9,7.4,61.8,A,61.8,A,50,0,50,38,6,56,25,5,70,38,17
2025-10-04,FC Krasnodar v Akhmat Grozny,45.2,13.7,41.1,H,45.2,H,40,20,40,86,14,0,10,5,85,39,19
2025-10-04,Rubin Kazan v Krylya Sovetov Sam,53.0,16.7,30.3,H,53.0,H,0,50,50,53,0,47,70,10,20,37,16
2025-10-05,Baltika Kaliningra v Dynamo Makhachkala,51.0,14.0,35.0,H,51.0,H,0,0,0,60,10,30,50,5,45,30,10
2025-10-05,CSKA Moscow v Spartak Moscow,51.5,2.2,46.3,H,51.5,H,50,0,50,63,0,38,40,0,60,38,17
2025-10-05,FC Orenburg v FC Rostov,27.8,6.9,65.3,A,65.3,A,0,0,100,33,0,67,45,5,50,39,18
2025-10-05,PFC Sochi v Pari Nizhny Novgor,21.9,14.6,63.5,A,63.5,H,0,0,0,33,11,56,25,0,75,29,8
2025-10-18,Dynamo Makhachkala v FC Krasnodar,37.9,9.8,52.3,A,52.3,A,0,50,50,13,7,80,75,0,25,37,14
2025-10-18,Krylya Sovetov Sam v FC Orenburg,40.9,19.7,39.4,H,40.9,D,50,50,0,67,0,33,20,0,80,37,16
2025-10-18,Lokomotiv Moscow v CSKA Moscow,50.0,9.2,40.8,H,50.0,H,33,33,33,31,6,63,75,0,25,39,18
2025-10-18,Pari Nizhny Novgor v Akron Tolyatti,28.0,24.2,47.7,A,47.7,A,50,50,0,27,20,53,30,5,65,37,16
2025-10-18,Spartak Moscow v FC Rostov,37.7,3.7,58.6,A,58.6,D,43,0,57,67,0,33,10,0,90,42,21
2025-10-19,Dynamo Moscow v Akhmat Grozny,50.0,19.5,30.5,H,50.0,D,50,50,0,79,0,21,45,0,55,36,16
2025-10-19,Rubin Kazan v Baltika Kaliningra,23.1,28.8,48.1,A,48.1,A,0,0,0,36,9,55,35,10,55,31,11
2025-10-19,PFC Sochi v Zenit St Petersbur,0.0,0.0,100.0,A,100.0,A,0,0,0,0,0,100,0,0,100,31,10
2025-10-21,CSKA Moscow v Akron Tolyatti,64.8,4.9,30.3,H,64.8,H,100,0,0,69,6,25,50,0,50,39,18
2025-10-21,Dynamo Makhachkala v Spartak Moscow,42.2,13.0,44.8,A,44.8,A,40,20,40,19,6,75,75,5,20,41,20
2025-10-22,Dynamo Moscow v Krylya Sovetov Sam,72.7,11.0,16.2,H,72.7,H,100,0,0,63,13,25,75,0,25,41,20
2025-10-22,FC Rostov v Pari Nizhny Novgor,80.0,7.1,12.9,H,80.0,H,50,25,25,71,7,21,100,0,0,38,17
2025-10-22,Zenit St Petersbur v FC Orenburg,75.7,9.0,15.3,H,75.7,H,100,0,0,93,0,7,60,0,40,39,18
2025-10-23,Baltika Kaliningra v Lokomotiv Moscow,26.7,20.7,52.6,A,52.6,A,0,50,50,36,27,36,25,10,65,33,12
2025-10-23,FC Krasnodar v PFC Sochi,100.0,0.0,0.0,H,100.0,H,100,0,0,100,0,0,100,0,0,32,12
2025-10-25,CSKA Moscow v Krylya Sovetov Sam,66.2,11.8,22.1,H,66.2,H,50,50,0,75,6,19,65,5,30,38,17
2025-10-25,FC Rostov v Dynamo Makhachkala,55.8,27.5,16.7,H,55.8,D,0,67,33,53,13,33,80,0,20,38,17
2025-10-25,Spartak Moscow v FC Orenburg,46.2,9.8,43.9,H,46.2,H,50,0,50,87,0,13,20,0,80,37,17
2025-10-26,Akron Tolyatti v Lokomotiv Moscow,13.5,0.0,86.5,A,86.5,D,0,0,100,31,0,69,0,0,100,40,16
2025-10-26,FC Krasnodar v Rubin Kazan,53.8,15.9,30.3,H,53.8,H,50,50,0,73,0,27,40,0,60,37,16
2025-10-26,Pari Nizhny Novgor v Baltika Kaliningra,0.0,2.8,97.2,A,97.2,D,0,0,0,0,0,100,5,0,95,32,11
2025-10-26,Zenit St Petersbur v Dynamo Moscow,65.4,14.7,19.9,H,65.4,H,50,50,0,75,6,19,75,0,25,38,17
2025-10-27,Akhmat Grozny v PFC Sochi,92.3,0.0,7.7,H,92.3,A,0,0,0,82,0,18,100,0,0,31,10
2025-10-31,CSKA Moscow v Pari Nizhny Novgor,91.5,2.1,6.3,H,91.5,H,100,0,0,100,0,0,80,0,20,39,19
2025-11-01,Dynamo Makhachkala v Krylya Sovetov Sam,59.9,6.3,33.8,H,59.9,H,100,0,0,44,0,56,70,5,25,39,18
2025-11-01,FC Rostov v Akron Tolyatti,75.8,11.4,12.9,H,75.8,A,50,0,50,67,13,20,95,0,5,37,16
2025-11-01,Rubin Kazan v Dynamo Moscow,37.5,16.2,46.3,A,46.3,D,0,0,100,25,6,69,70,0,30,38,17
2025-11-01,Zenit St Petersbur v Lokomotiv Moscow,39.7,26.5,33.8,H,39.7,H,0,100,0,56,19,25,45,0,55,38,18
2025-11-02,Baltika Kaliningra v Akhmat Grozny,58.9,14.3,26.8,H,58.9,H,0,0,0,69,0,31,65,5,30,33,12
2025-11-02,FC Krasnodar v Spartak Moscow,43.9,9.1,47.0,A,47.0,H,50,0,50,60,7,33,40,0,60,37,16
2025-11-02,FC Orenburg v PFC Sochi,75.9,10.7,13.4,H,75.9,H,0,0,0,54,15,31,95,0,5,33,12
2025-11-05,Dynamo Makhachkala v CSKA Moscow,32.4,10.3,57.4,A,57.4,H,0,0,100,13,13,75,70,0,30,38,17
2025-11-05,FC Orenburg v FC Krasnodar,32.6,5.1,62.3,A,62.3,A,0,0,100,7,0,93,80,0,20,38,17
2025-11-05,Zenit St Petersbur v Dynamo Moscow,66.9,16.9,16.2,H,66.9,A,67,33,0,81,6,13,75,0,25,39,18
2025-11-06,Spartak Moscow v Lokomotiv Moscow,26.8,5.6,67.6,A,67.6,H,33,0,67,56,0,44,0,0,100,39,18
2025-11-08,Dynamo Makhachkala v CSKA Moscow,35.2,9.9,54.9,A,54.9,A,33,0,67,13,13,75,70,0,30,39,18
2025-11-08,Dynamo Moscow v Akron Tolyatti,83.8,2.2,14.0,H,83.8,A,100,0,0,75,0,25,95,0,5,38,17
2025-11-08,Pari Nizhny Novgor v Rubin Kazan,11.0,5.1,83.8,A,83.8,D,0,0,100,25,0,75,5,0,95,38,16
2025-11-08,PFC Sochi v FC Rostov,6.9,0.0,93.1,A,93.1,A,0,0,0,14,0,86,0,0,100,34,13
2025-11-09,Akhmat Grozny v Spartak Moscow,33.8,14.7,51.5,A,51.5,A,0,100,0,19,0,81,70,0,30,38,17
2025-11-09,Baltika Kaliningra v FC Krasnodar,45.7,10.3,44.0,H,45.7,D,0,0,0,36,0,64,60,5,35,34,13
2025-11-09,Krylya Sovetov Sam v Zenit St Petersbur,14.7,2.9,82.4,A,82.4,D,50,0,50,13,6,81,10,0,90,38,18
2025-11-09,Lokomotiv Moscow v FC Orenburg,76.4,14.9,8.8,H,76.4,H,75,25,0,94,0,6,65,0,35,40,19
2025-11-21,Akron Tolyatti v PFC Sochi,73.8,5.7,20.5,H,73.8,H,100,0,0,64,7,29,85,0,15,35,14
2025-11-22,FC Orenburg v Baltika Kaliningra,17.2,16.4,66.4,A,66.4,D,0,0,100,0,14,86,45,5,50,35,15
2025-11-22,Rubin Kazan v Akhmat Grozny,43.2,6.8,50.0,A,50.0,H,50,0,50,44,6,50,45,0,55,40,19
2025-11-22,Spartak Moscow v CSKA Moscow,36.6,10.6,52.8,A,52.8,H,33,0,67,44,0,56,30,10,60,39,19
2025-11-23,Dynamo Moscow v Dynamo Makhachkala,52.0,16.2,31.8,H,52.0,H,75,0,25,69,6,25,30,10,60,40,19
2025-11-23,Krylya Sovetov Sam v FC Rostov,26.8,7.0,66.2,A,66.2,H,33,0,67,31,6,63,20,0,80,39,18
2025-11-23,Lokomotiv Moscow v FC Krasnodar,52.1,16.9,31.0,H,52.1,D,33,33,33,31,6,63,90,0,10,39,18
2025-11-23,Pari Nizhny Novgor v Zenit St Petersbur,6.3,4.9,88.7,A,88.7,A,0,0,100,0,6,94,20,0,80,39,18
2025-11-26,FC Krasnodar v FC Orenburg,66.9,6.8,26.4,H,66.9,H,100,0,0,94,0,6,30,0,70,40,19
2025-11-26,Lokomotiv Moscow v Spartak Moscow,52.7,8.1,39.2,H,52.7,A,50,0,50,44,0,56,70,0,30,40,19
2025-11-27,Dynamo Moscow v Zenit St Petersbur,15.5,16.2,68.2,A,68.2,A,25,25,50,13,6,81,20,0,80,40,19
2025-11-29,Akron Tolyatti v Pari Nizhny Novgor,47.9,19.0,33.1,H,47.9,A,33,33,33,63,6,31,55,0,45,39,18
2025-11-29,Baltika Kaliningra v Spartak Moscow,48.4,13.9,37.7,H,48.4,H,100,0,0,43,0,57,60,5,35,35,15
2025-11-29,CSKA Moscow v FC Orenburg,55.6,12.7,31.7,H,55.6,H,67,33,0,94,6,0,25,0,75,39,18
2025-11-30,Akhmat Grozny v Dynamo Moscow,28.9,29.6,41.5,A,41.5,H,0,67,33,19,6,75,65,5,30,39,19
2025-11-30,FC Krasnodar v Krylya Sovetov Sam,51.3,16.9,31.8,H,51.3,H,60,20,20,81,13,6,20,0,80,41,20
2025-11-30,FC Rostov v Lokomotiv Moscow,39.0,17.5,43.5,A,43.5,A,20,40,40,25,0,75,70,0,30,41,20
2025-11-30,Zenit St Petersbur v Rubin Kazan,77.7,15.1,7.2,H,77.7,H,86,14,0,100,0,0,65,10,25,43,22
2025-12-01,PFC Sochi v Dynamo Makhachkala,9.8,11.5,78.7,A,78.7,D,0,100,0,21,7,71,0,0,100,35,15
2025-12-05,Akhmat Grozny v FC Orenburg,54.5,16.9,28.6,H,54.5,H,20,40,40,56,6,38,75,0,25,41,21
2025-12-06,FC Rostov v Rubin Kazan,54.9,25.4,19.7,H,54.9,H,0,33,67,44,19,38,100,0,0,39,19
2025-12-06,Spartak Moscow v Dynamo Moscow,35.0,18.8,46.3,A,46.3,D,50,33,17,63,0,38,15,0,85,42,22
2025-12-06,Zenit St Petersbur v Akron Tolyatti,72.3,12.2,15.5,H,72.3,H,50,25,25,88,0,13,65,5,30,40,19
2025-12-07,Baltika Kaliningra v Krylya Sovetov Sam,48.4,27.0,24.6,H,48.4,H,0,100,0,57,7,36,55,5,40,35,15
2025-12-07,Dynamo Makhachkala v Pari Nizhny Novgor,64.3,13.6,22.1,H,64.3,A,40,20,40,63,13,25,90,0,10,41,20
2025-12-07,FC Krasnodar v CSKA Moscow,43.1,14.4,42.5,H,43.1,H,33,17,50,63,0,38,40,0,60,42,21
2025-12-07,PFC Sochi v Lokomotiv Moscow,3.3,0.0,96.7,A,96.7,A,0,0,100,7,0,93,0,0,100,35,13
2026-02-26,Celje v Drita,100.0,0.0,0.0,H,100.0,H,100,0,0,0,0,0,0,0,0,1,1
2026-02-27,Zenit St Petersbur v Baltika Kaliningra,43.4,17.2,39.3,H,43.4,H,0,100,0,64,14,21,35,5,60,35,14
2026-02-28,Dynamo Makhachkala v Rubin Kazan,47.9,13.4,38.7,H,47.9,H,0,0,100,50,6,44,70,5,25,39,19
2026-02-28,FC Krasnodar v FC Rostov,48.6,14.8,36.6,H,48.6,H,67,33,0,75,19,6,15,0,85,39,18
2026-02-28,Lokomotiv Moscow v Pari Nizhny Novgor,97.2,0.0,2.8,H,97.2,H,100,0,0,94,0,6,100,0,0,39,18
2026-02-28,FC Orenburg v Akron Tolyatti,47.9,11.3,40.8,H,47.9,H,33,33,33,31,6,63,75,0,25,39,18
2026-03-01,Akhmat Grozny v CSKA Moscow,31.8,14.9,53.2,A,53.2,H,0,20,80,6,0,94,80,0,20,41,20
2026-03-01,Dynamo Moscow v Krylya Sovetov Sam,60.6,16.9,22.5,H,60.6,H,100,0,0,69,6,25,40,10,50,42,21
2026-03-02,PFC Sochi v Spartak Moscow,3.3,5.7,91.0,A,91.0,A,0,0,100,7,7,86,0,0,100,35,15
2026-03-03,Baltika Kaliningra v Zenit St Petersbur,25.8,16.4,57.8,A,57.8,A,0,50,50,21,14,64,35,5,60,36,15
2026-03-04,CSKA Moscow v FC Krasnodar,31.9,12.0,56.0,A,56.0,H,43,14,43,38,0,63,35,0,65,43,22
2026-03-04,Krylya Sovetov Sam v FC Orenburg,48.6,19.7,31.7,H,48.6,H,33,67,0,56,6,38,45,5,50,39,18
2026-03-04,FC Rostov v Dynamo Makhachkala,54.7,27.0,18.2,H,54.7,A,0,75,25,56,13,31,80,0,20,40,19
2026-03-05,Dynamo Moscow v Spartak Moscow,34.3,17.5,48.2,A,48.2,H,14,43,43,38,0,63,45,0,55,43,22
2026-03-07,Pari Nizhny Novgor v PFC Sochi,60.7,12.3,27.0,H,60.7,H,0,0,100,57,14,29,75,0,25,35,14
2026-03-07,FC Rostov v Baltika Kaliningra,35.2,17.2,47.5,A,47.5,D,0,100,0,29,0,71,65,0,35,35,14
2026-03-08,CSKA Moscow v Dynamo Moscow,35.1,19.5,45.5,A,45.5,A,80,20,0,38,6,56,15,5,80,41,20
2026-03-08,Krylya Sovetov Sam v Dynamo Makhachkala,39.9,4.7,55.4,A,55.4,H,0,0,100,56,0,44,45,0,55,40,19
2026-03-08,FC Orenburg v Zenit St Petersbur,13.6,7.1,79.2,A,79.2,H,0,0,100,0,6,94,40,0,60,41,21
2026-03-08,Rubin Kazan v FC Krasnodar,16.9,21.1,62.0,A,62.0,H,0,33,67,13,0,88,45,10,45,39,18
2026-03-09,Lokomotiv Moscow v Akhmat Grozny,70.1,16.2,13.6,H,70.1,D,60,40,0,75,0,25,80,0,20,41,20
2026-03-09,Spartak Moscow v Akron Tolyatti,62.2,16.2,21.6,H,62.2,H,75,25,0,69,13,19,60,0,40,40,19
2026-03-13,Dynamo Makhachkala v FC Orenburg,50.7,23.9,25.4,H,50.7,H,33,33,33,63,19,19,60,5,35,39,18
2026-03-14,Baltika Kaliningra v CSKA Moscow,49.2,9.4,41.4,H,49.2,H,0,0,100,50,7,43,65,0,35,36,15
2026-03-14,FC Rostov v Dynamo Moscow,46.5,18.3,35.2,H,46.5,A,0,67,33,19,13,69,95,0,5,39,18
2026-03-14,PFC Sochi v FC Krasnodar,5.2,0.0,94.8,A,94.8,A,0,0,100,7,0,93,5,0,95,37,17
2026-03-14,Zenit St Petersbur v Spartak Moscow,54.9,15.5,29.6,H,54.9,H,0,67,33,81,0,19,55,0,45,39,18
2026-03-15,Akron Tolyatti v Akhmat Grozny,27.5,9.2,63.4,A,63.4,D,33,33,33,38,6,56,15,0,85,39,18
2026-03-15,Pari Nizhny Novgor v Krylya Sovetov Sam,22.5,7.7,69.7,A,69.7,H,33,0,67,31,0,69,10,0,90,39,18
2026-03-15,Rubin Kazan v Lokomotiv Moscow,13.4,13.4,73.2,A,73.2,H,33,0,67,25,6,69,20,0,80,39,18
2026-03-17,FC Krasnodar v CSKA Moscow,43.6,13.4,43.0,H,43.6,H,38,13,50,63,0,38,40,0,60,44,23
2026-03-18,Spartak Moscow v Dynamo Moscow,30.2,20.9,48.8,A,48.8,H,38,38,25,50,6,44,15,0,85,44,24
2026-03-18,Zenit St Petersbur v Dynamo Makhachkala,73.2,7.0,19.7,H,73.2,H,100,0,0,88,0,13,55,5,40,39,18
2026-03-21,Akhmat Grozny v FC Rostov,38.7,14.8,46.5,A,46.5,H,67,33,0,44,0,56,45,0,55,39,18
2026-03-21,Baltika Kaliningra v PFC Sochi,93.4,6.6,0.0,H,93.4,H,100,0,0,86,14,0,100,0,0,35,14
2026-03-21,CSKA Moscow v Dynamo Makhachkala,45.9,12.2,41.9,H,45.9,H,75,0,25,75,13,13,15,0,85,40,19
2026-03-21,FC Krasnodar v Pari Nizhny Novgor,81.8,10.4,7.8,H,81.8,H,80,0,20,94,6,0,75,0,25,41,20
2026-03-22,Dynamo Moscow v Zenit St Petersbur,16.9,15.6,67.5,A,67.5,A,20,20,60,13,13,75,25,0,75,41,20
2026-03-22,Krylya Sovetov Sam v Rubin Kazan,36.6,16.2,47.2,A,47.2,D,33,33,33,50,0,50,30,5,65,39,19
2026-03-22,Lokomotiv Moscow v Akron Tolyatti,77.3,6.5,16.2,H,77.3,H,80,20,0,69,6,25,85,0,15,41,21
2026-03-22,FC Orenburg v Spartak Moscow,33.1,4.2,62.7,A,62.7,A,33,0,67,13,0,88,60,0,40,39,19
2026-04-04,Akhmat Grozny v FC Krasnodar,39.4,12.5,48.1,A,48.1,A,33,17,50,0,6,94,85,0,15,42,22
2026-04-04,Akron Tolyatti v CSKA Moscow,12.8,8.8,78.4,A,78.4,A,0,0,100,25,6,69,15,5,80,40,19
2026-04-04,Dynamo Moscow v FC Orenburg,57.0,19.0,23.9,H,57.0,D,67,33,0,94,0,6,35,10,55,39,18
2026-04-04,Zenit St Petersbur v Krylya Sovetov Sam,62.7,8.5,28.9,H,62.7,H,33,33,33,88,0,13,50,5,45,39,19
2026-04-05,Dynamo Makhachkala v Baltika Kaliningra,23.0,14.8,62.3,A,62.3,D,0,0,100,21,0,79,40,0,60,35,15
2026-04-05,Pari Nizhny Novgor v FC Rostov,20.1,9.1,70.8,A,70.8,A,20,20,60,25,13,63,15,0,85,41,20
2026-04-05,Spartak Moscow v Lokomotiv Moscow,29.2,12.3,58.4,A,58.4,H,60,0,40,50,0,50,10,0,90,41,20
2026-04-06,PFC Sochi v Rubin Kazan,6.6,6.6,86.9,A,86.9,A,0,0,100,14,7,79,0,0,100,35,14
2026-04-07,Krylya Sovetov Sam v CSKA Moscow,33.8,14.1,52.1,A,52.1,A,0,33,67,19,6,75,65,0,35,39,18
2026-04-08,Dynamo Moscow v FC Krasnodar,25.0,16.2,58.8,A,58.8,D,0,0,100,25,13,63,45,0,55,40,19
2026-04-11,Hearts v Motherwell,0.0,0.0,100.0,A,100.0,H,0,0,0,0,0,0,0,0,100,1,1
2026-04-11,Baltika Kaliningra v Pari Nizhny Novgor,84.4,13.1,2.5,H,84.4,D,0,100,0,93,0,7,90,0,10,35,14
2026-04-11,Krylya Sovetov Sam v Akhmat Grozny,36.6,20.4,43.0,A,43.0,D,33,33,33,44,6,50,35,5,60,39,18
2026-04-11,Rubin Kazan v FC Orenburg,52.7,28.4,18.9,H,52.7,D,75,25,0,69,6,25,50,10,40,40,19
2026-04-12,CSKA Moscow v PFC Sochi,91.8,2.5,5.7,H,91.8,A,100,0,0,93,0,7,90,0,10,35,14
2026-04-12,Lokomotiv Moscow v Dynamo Makhachkala,64.2,23.6,12.2,H,64.2,D,50,50,0,75,0,25,80,5,15,40,20
2026-04-12,FC Rostov v Spartak Moscow,45.9,9.3,44.8,H,45.9,D,50,13,38,25,6,69,70,0,30,44,23
2026-04-12,Zenit St Petersbur v FC Krasnodar,52.1,16.9,31.0,H,52.1,D,67,0,33,56,6,38,60,0,40,39,18
2026-04-13,Akron Tolyatti v Dynamo Moscow,9.9,7.7,82.4,A,82.4,A,33,0,67,25,0,75,0,0,100,39,18
2026-04-17,FC Rostov v PFC Sochi,93.4,0.0,6.6,H,93.4,A,100,0,0,86,0,14,100,0,0,35,14
2026-04-18,Krylya Sovetov Sam v CSKA Moscow,35.1,10.8,54.1,A,54.1,D,0,25,75,25,0,75,65,0,35,40,19
2026-04-18,FC Orenburg v Lokomotiv Moscow,1.9,11.0,87.0,A,87.0,A,0,20,80,0,6,94,10,0,90,41,20
2026-04-18,Pari Nizhny Novgor v Dynamo Moscow,6.3,12.0,81.7,A,81.7,D,0,33,67,0,6,94,20,0,80,39,19
2026-04-18,Rubin Kazan v Akron Tolyatti,61.0,14.9,24.0,H,61.0,D,80,20,0,50,6,44,70,10,20,41,20
2026-04-19,Dynamo Makhachkala v Zenit St Petersbur,14.9,8.8,76.4,A,76.4,A,0,0,100,13,0,88,30,10,60,40,19
2026-04-19,FC Krasnodar v Baltika Kaliningra,28.7,21.3,50.0,A,50.0,D,0,100,0,57,7,36,15,0,85,35,14
2026-04-19,Spartak Moscow v Akhmat Grozny,57.7,22.5,19.7,H,57.7,H,33,67,0,81,6,13,40,0,60,39,18
2026-04-21,CSKA Moscow v FC Rostov,35.9,12.0,52.1,A,52.1,D,0,33,67,88,0,13,5,0,95,39,16
2026-04-21,PFC Sochi v Krylya Sovetov Sam,19.7,5.7,74.6,A,74.6,H,0,0,100,43,0,57,0,0,100,35,15
2026-04-22,Dynamo Moscow v Rubin Kazan,58.5,16.2,25.4,H,58.5,A,67,33,0,75,0,25,45,10,45,39,18
2026-04-22,Lokomotiv Moscow v Zenit St Petersbur,35.2,26.8,38.0,A,38.0,D,0,67,33,19,13,69,75,0,25,39,18
2026-04-22,FC Orenburg v Pari Nizhny Novgor,50.0,30.3,19.7,H,50.0,H,33,0,67,50,19,31,95,0,5,39,18
2026-04-23,Akhmat Grozny v Baltika Kaliningra,23.8,11.5,64.8,A,64.8,D,0,0,100,14,0,86,45,0,55,35,14
2026-04-23,Akron Tolyatti v Dynamo Makhachkala,12.7,21.8,65.5,A,65.5,D,33,67,0,31,6,63,0,0,100,39,18
2026-04-23,Spartak Moscow v FC Krasnodar,38.0,9.9,52.1,A,52.1,A,33,0,67,44,6,50,40,0,60,39,18
2026-04-25,Krylya Sovetov Sam v Lokomotiv Moscow,9.2,17.6,73.2,A,73.2,H,33,33,33,6,19,75,10,0,90,39,19
2026-04-25,FC Rostov v FC Orenburg,79.2,8.4,12.3,H,79.2,A,100,0,0,69,6,25,85,5,10,41,20
2026-04-25,Rubin Kazan v CSKA Moscow,32.4,20.3,47.3,A,47.3,D,0,50,50,19,6,75,65,0,35,40,19
2026-04-26,Hibernian v Hearts,0.0,0.0,100.0,A,100.0,A,0,0,0,0,0,100,0,0,0,1,1
2026-04-26,Dynamo Moscow v PFC Sochi,87.3,9.7,3.0,H,87.3,H,67,33,0,86,7,7,95,5,0,37,17
2026-04-26,FC Krasnodar v Dynamo Makhachkala,56.3,15.5,28.2,H,56.3,H,67,33,0,94,0,6,40,0,60,39,18
2026-04-26,Pari Nizhny Novgor v Spartak Moscow,4.5,4.5,90.9,A,90.9,A,0,0,100,6,6,88,5,0,95,41,20
2026-04-26,Zenit St Petersbur v Akhmat Grozny,73.8,9.4,16.9,H,73.8,H,83,0,17,100,0,0,50,0,50,42,21
2026-04-27,Baltika Kaliningra v Akron Tolyatti,75.4,9.7,14.9,H,75.4,A,67,0,33,86,0,14,80,5,15,37,16
2026-05-01,Krylya Sovetov Sam v Spartak Moscow,14.9,14.9,70.1,A,70.1,H,0,0,100,19,0,81,40,0,60,41,20
2026-05-01,Lokomotiv Moscow v Dynamo Moscow,62.0,14.8,23.2,H,62.0,D,67,0,33,44,13,44,80,10,10,39,18
2026-05-02,Prishtina v Malisheva,0.0,0.0,100.0,A,100.0,A,0,0,100,0,0,0,0,0,0,1,1
2026-05-02,Baltika Kaliningra v Rubin Kazan,64.8,14.8,20.5,H,64.8,A,100,0,0,64,7,29,80,5,15,35,14
2026-05-02,CSKA Moscow v Zenit St Petersbur,6.8,33.1,60.1,A,60.1,A,0,50,50,13,25,63,10,5,85,40,20
2026-05-02,Dynamo Makhachkala v FC Rostov,37.7,26.0,36.4,H,37.7,A,40,60,0,38,13,50,55,5,40,41,20
2026-05-03,Hibernian v Celtic,75.0,25.0,0.0,H,75.0,A,100,0,0,0,0,0,50,50,0,3,1
2026-05-03,Akhmat Grozny v Pari Nizhny Novgor,74.0,7.8,18.2,H,74.0,H,60,0,40,63,0,38,100,0,0,41,20
2026-05-03,Akron Tolyatti v FC Krasnodar,2.1,2.8,95.1,A,95.1,A,0,0,100,0,6,94,5,0,95,39,18
2026-05-03,PFC Sochi v FC Orenburg,15.6,19.7,64.8,A,64.8,H,0,0,100,43,7,50,5,0,95,35,14
2026-05-06,Spartak Moscow v CSKA Moscow,43.2,13.5,43.2,H,43.2,H,50,0,50,50,0,50,55,0,45,40,19
2026-05-10,Akhmat Grozny v Dynamo Makhachkala,35.9,21.8,42.3,A,42.3,D,0,33,67,44,13,44,55,0,45,39,18
2026-05-10,Lokomotiv Moscow v Baltika Kaliningra,50.7,17.9,31.3,H,50.7,H,67,33,0,57,0,43,60,10,30,37,16
2026-05-10,FC Orenburg v Krylya Sovetov Sam,23.6,23.6,52.7,A,52.7,H,0,50,50,44,0,56,30,0,70,40,19
2026-05-10,Zenit St Petersbur v PFC Sochi,94.3,2.5,3.3,H,94.3,H,100,0,0,93,0,7,100,0,0,35,15
2026-05-11,Akron Tolyatti v FC Rostov,19.0,15.5,65.5,A,65.5,A,67,0,33,31,6,63,10,5,85,39,18
2026-05-11,Baltika Kaliningra v Dynamo Moscow,42.6,27.9,29.5,H,42.6,A,0,100,0,29,7,64,75,0,25,35,13
2026-05-11,CSKA Moscow v Lokomotiv Moscow,25.0,14.9,60.1,A,60.1,H,25,25,50,56,0,44,5,0,95,40,19
2026-05-11,Dynamo Makhachkala v Spartak Moscow,40.0,10.6,49.4,A,49.4,D,33,17,50,13,0,88,85,0,15,42,21
2026-05-11,Dynamo Moscow v FC Krasnodar,19.5,26.0,54.5,A,54.5,H,0,20,80,25,13,63,45,0,55,41,20
2026-05-11,FC Krasnodar v FC Orenburg,74.7,11.7,13.6,H,74.7,H,100,0,0,100,0,0,55,0,45,41,20
2026-05-11,Krylya Sovetov Sam v Akron Tolyatti,45.8,14.8,39.4,H,45.8,H,0,33,67,38,0,63,75,5,20,39,18
2026-05-11,Pari Nizhny Novgor v CSKA Moscow,10.1,4.1,85.8,A,85.8,A,0,0,100,0,0,100,30,0,70,40,20
2026-05-11,FC Rostov v Zenit St Petersbur,24.7,3.9,71.4,A,71.4,A,0,0,100,13,0,88,50,5,45,41,20
2026-05-11,Rubin Kazan v Pari Nizhny Novgor,77.5,14.1,8.5,H,77.5,D,67,33,0,69,13,19,95,0,5,39,19
2026-05-11,PFC Sochi v Akhmat Grozny,11.5,9.0,79.5,A,79.5,D,100,0,0,14,7,79,5,0,95,35,14
2026-05-11,Spartak Moscow v Rubin Kazan,50.0,30.1,19.9,H,50.0,H,67,0,33,59,12,29,40,10,50,40,19
2026-05-13,Rangers v Hibernian,50.0,0.0,50.0,H,50.0,A,0,0,0,50,0,50,0,0,0,2,2
2026-05-13,Motherwell v Celtic,0.0,57.1,42.9,A,42.9,A,0,0,0,0,100,0,0,0,100,2,1
2026-05-13,Hearts v Falkirk,100.0,0.0,0.0,H,100.0,H,0,0,0,100,0,0,100,0,0,3,2
2026-05-16,Hibernian v Motherwell,42.6,25.5,31.9,H,42.6,A,0,100,0,100,0,0,36,18,45,14,3
2026-05-16,Celtic v Hearts,34.6,23.1,42.3,A,42.3,H,0,0,0,0,0,100,50,33,17,8,3
2026-05-16,Falkirk v Rangers,0.0,24.3,75.7,A,75.7,A,0,0,100,0,0,100,0,33,67,11,3
2026-05-24,Llapi v Malisheva,0.0,0.0,100.0,A,100.0,H,0,0,100,0,0,0,0,0,0,1,1
2026-05-31,Malisheva v Drita,0.0,0.0,100.0,A,100.0,H,0,0,100,0,0,0,0,0,0,1,1
2026-07-15,Malisheva v Vllaznia,0.0,0.0,100.0,A,100.0,H,0,0,100,0,0,0,0,0,0,1,1
2026-07-23,Malisheva v Hibernian,42.9,14.3,42.9,H,42.9,H,0,0,0,0,0,0,43,14,43,7,2
2026-07-24,CSKA Moscow v Baltika Kaliningra,31.3,16.4,52.2,A,52.2,H,67,0,33,43,21,36,15,0,85,37,16
2026-07-25,Akron Tolyatti v Zenit St Petersbur,9.1,5.8,85.1,A,85.1,A,20,20,60,13,0,88,0,0,100,41,20
2026-07-25,Dynamo Moscow v Krylya Sovetov Sam,69.3,13.9,16.9,H,69.3,D,100,0,0,88,6,6,45,10,45,43,22
2026-07-25,Fakel Voronezh v Dynamo Makhachkala,16.4,25.8,57.8,A,57.8,A,0,100,0,29,7,64,20,0,80,36,16
2026-07-26,Lokomotiv Moscow v Akhmat Grozny,70.6,22.5,6.9,H,70.6,D,50,50,0,75,0,25,95,0,5,42,21
2026-07-26,FC Orenburg v FC Rostov,18.1,13.1,68.8,A,68.8,H,17,0,83,19,6,75,30,5,65,42,21
2026-07-26,Rubin Kazan v FC Krasnodar,16.2,20.9,62.8,A,62.8,A,25,25,50,6,13,81,35,0,65,40,19
