date,comp,home,away,hg,ag
2024-07-20,RPL,dinamo-msk,fakel,3,1
2024-07-20,RPL,krylja,zenit,0,4
2024-07-20,RPL,lokomotiv,akron,3,2
2024-07-20,RPL,rostov,cska,0,0
2024-07-21,RPL,akhmat,krasnodar,1,1
2024-07-21,RPL,himki,dinamo-mkh,1,1
2024-07-21,RPL,orenburg,spartak,2,0
2024-07-22,RPL,pari-nn,rubin,2,4
2024-07-26,RPL,krylja,rostov,1,3
2024-07-27,RPL,dinamo-msk,lokomotiv,3,1
2024-07-27,RPL,fakel,akron,0,2
2024-07-27,RPL,pari-nn,cska,0,3
2024-07-27,RPL,rubin,zenit,0,4
2024-07-28,RPL,himki,spartak,1,3
2024-07-28,RPL,krasnodar,dinamo-mkh,0,0
2024-07-28,RPL,orenburg,akhmat,0,0
2024-07-30,CUP,lokomotiv,rostov,1,0
2024-07-30,CUP,rubin,akron,4,0
2024-07-30,CUP,zenit,fakel,3,0
2024-07-31,CUP,akhmat,pari-nn,4,1
2024-07-31,CUP,himki,orenburg,1,0
2024-07-31,CUP,krasnodar,cska,1,0
2024-07-31,CUP,spartak,dinamo-msk,3,0
2024-08-01,CUP,dinamo-mkh,krylja,1,0
2024-08-03,RPL,akron,dinamo-msk,0,2
2024-08-03,RPL,rubin,himki,2,3
2024-08-03,RPL,zenit,rostov,5,0
2024-08-04,RPL,akhmat,lokomotiv,0,5
2024-08-04,RPL,cska,orenburg,5,1
2024-08-04,RPL,dinamo-mkh,pari-nn,0,1
2024-08-04,RPL,fakel,krasnodar,0,0
2024-08-05,RPL,spartak,krylja,3,0
2024-08-09,RPL,pari-nn,himki,1,0
2024-08-09,RPL,rostov,rubin,1,1
2024-08-10,RPL,krasnodar,cska,2,1
2024-08-10,RPL,lokomotiv,dinamo-mkh,2,0
2024-08-10,RPL,orenburg,akron,2,2
2024-08-10,RPL,zenit,dinamo-msk,1,0
2024-08-11,RPL,krylja,fakel,2,0
2024-08-11,RPL,spartak,akhmat,0,0
2024-08-13,CUP,orenburg,lokomotiv,2,3
2024-08-13,CUP,rostov,himki,3,1
2024-08-14,CUP,cska,pari-nn,1,1
2024-08-14,CUP,dinamo-msk,dinamo-mkh,2,1
2024-08-14,CUP,krylja,spartak,0,3
2024-08-14,CUP,rubin,zenit,0,1
2024-08-15,CUP,fakel,akron,1,2
2024-08-15,CUP,krasnodar,akhmat,1,0
2024-08-17,RPL,dinamo-msk,krylja,1,0
2024-08-17,RPL,rostov,orenburg,3,2
2024-08-18,RPL,cska,lokomotiv,0,1
2024-08-18,RPL,himki,zenit,1,1
2024-08-18,RPL,krasnodar,pari-nn,2,1
2024-08-18,RPL,spartak,fakel,3,0
2024-08-19,RPL,akron,rubin,1,2
2024-08-19,RPL,dinamo-mkh,akhmat,1,0
2024-08-23,RPL,rubin,dinamo-mkh,2,0
2024-08-24,RPL,akhmat,himki,3,3
2024-08-24,RPL,cska,akron,4,0
2024-08-24,RPL,fakel,orenburg,1,0
2024-08-24,RPL,zenit,spartak,0,0
2024-08-25,RPL,dinamo-msk,krasnodar,0,1
2024-08-25,RPL,krylja,pari-nn,3,1
2024-08-25,RPL,lokomotiv,rostov,3,2
2024-08-27,CUP,akhmat,cska,0,2
2024-08-27,CUP,akron,zenit,1,1
2024-08-27,CUP,fakel,rubin,0,2
2024-08-27,CUP,spartak,dinamo-mkh,0,1
2024-08-28,CUP,dinamo-msk,krylja,5,1
2024-08-28,CUP,lokomotiv,himki,4,0
2024-08-28,CUP,orenburg,rostov,0,1
2024-08-28,CUP,pari-nn,krasnodar,0,1
2024-08-31,RPL,akhmat,akron,0,0
2024-08-31,RPL,himki,cska,0,2
2024-08-31,RPL,pari-nn,zenit,0,3
2024-08-31,RPL,spartak,rubin,1,0
2024-09-01,RPL,krylja,dinamo-mkh,0,1
2024-09-01,RPL,lokomotiv,krasnodar,0,3
2024-09-01,RPL,orenburg,dinamo-msk,2,2
2024-09-01,RPL,rostov,fakel,4,1
2024-09-13,RPL,rubin,krylja,0,2
2024-09-14,RPL,cska,zenit,0,1
2024-09-14,RPL,fakel,pari-nn,0,0
2024-09-14,RPL,krasnodar,rostov,2,0
2024-09-14,RPL,orenburg,lokomotiv,2,4
2024-09-15,RPL,akron,himki,3,0
2024-09-15,RPL,dinamo-mkh,spartak,1,1
2024-09-15,RPL,dinamo-msk,akhmat,4,2
2024-09-17,CUP,zenit,rubin,2,0
2024-09-18,CUP,akron,fakel,2,0
2024-09-18,CUP,cska,krasnodar,2,0
2024-09-18,CUP,dinamo-mkh,dinamo-msk,2,2
2024-09-18,CUP,rostov,orenburg,3,1
2024-09-19,CUP,himki,lokomotiv,1,5
2024-09-19,CUP,pari-nn,akhmat,1,2
2024-09-19,CUP,spartak,krylja,4,1
2024-09-21,RPL,akron,krasnodar,2,5
2024-09-21,RPL,rubin,cska,1,1
2024-09-21,RPL,zenit,fakel,3,1
2024-09-22,RPL,himki,orenburg,0,0
2024-09-22,RPL,pari-nn,lokomotiv,1,3
2024-09-22,RPL,rostov,dinamo-mkh,0,0
2024-09-22,RPL,spartak,dinamo-msk,2,2
2024-09-23,RPL,akhmat,krylja,1,1
2024-09-27,RPL,fakel,rubin,0,0
2024-09-27,RPL,orenburg,pari-nn,1,2
2024-09-28,RPL,cska,akhmat,3,0
2024-09-28,RPL,krasnodar,zenit,2,0
2024-09-28,RPL,lokomotiv,spartak,3,1
2024-09-28,RPL,rostov,akron,0,2
2024-09-29,RPL,dinamo-mkh,dinamo-msk,0,1
2024-09-29,RPL,krylja,himki,0,0
2024-10-01,CUP,lokomotiv,orenburg,2,1
2024-10-01,CUP,pari-nn,cska,0,2
2024-10-01,CUP,rubin,fakel,0,1
2024-10-02,CUP,akhmat,krasnodar,3,0
2024-10-02,CUP,dinamo-msk,spartak,2,3
2024-10-02,CUP,himki,rostov,2,2
2024-10-02,CUP,krylja,dinamo-mkh,3,3
2024-10-02,CUP,zenit,akron,5,1
2024-10-05,RPL,akron,pari-nn,2,2
2024-10-05,RPL,rubin,akhmat,2,0
2024-10-05,RPL,spartak,rostov,3,0
2024-10-05,RPL,zenit,orenburg,1,0
2024-10-06,RPL,dinamo-msk,cska,1,2
2024-10-06,RPL,fakel,dinamo-mkh,1,1
2024-10-06,RPL,krasnodar,himki,4,0
2024-10-06,RPL,lokomotiv,krylja,1,0
2024-10-18,RPL,akhmat,fakel,2,3
2024-10-18,RPL,akron,zenit,0,5
2024-10-19,RPL,dinamo-mkh,cska,0,1
2024-10-19,RPL,himki,lokomotiv,2,0
2024-10-19,RPL,pari-nn,rostov,1,1
2024-10-19,RPL,spartak,krasnodar,0,3
2024-10-20,RPL,orenburg,krylja,2,2
2024-10-20,RPL,rubin,dinamo-msk,0,4
2024-10-22,CUP,cska,akhmat,1,0
2024-10-22,CUP,dinamo-mkh,spartak,0,1
2024-10-22,CUP,fakel,zenit,0,1
2024-10-23,CUP,akron,rubin,0,1
2024-10-23,CUP,krasnodar,pari-nn,1,2
2024-10-23,CUP,orenburg,himki,2,0
2024-10-23,CUP,rostov,lokomotiv,2,2
2024-10-24,CUP,krylja,dinamo-msk,3,6
2024-10-26,RPL,cska,fakel,0,0
2024-10-26,RPL,dinamo-mkh,akron,1,1
2024-10-26,RPL,rostov,akhmat,2,3
2024-10-27,RPL,himki,dinamo-msk,3,4
2024-10-27,RPL,orenburg,rubin,1,2
2024-10-27,RPL,pari-nn,spartak,0,2
2024-10-27,RPL,zenit,lokomotiv,1,1
2024-10-28,RPL,krylja,krasnodar,1,2
2024-11-01,RPL,dinamo-msk,rostov,1,1
2024-11-02,RPL,cska,spartak,0,2
2024-11-02,RPL,lokomotiv,rubin,1,0
2024-11-02,RPL,zenit,dinamo-mkh,2,1
2024-11-03,RPL,akhmat,pari-nn,0,2
2024-11-03,RPL,akron,krylja,2,0
2024-11-03,RPL,fakel,himki,1,1
2024-11-03,RPL,krasnodar,orenburg,4,0
2024-11-05,CUP,dinamo-msk,lokomotiv,1,2
2024-11-05,CUP,spartak,rostov,0,1
2024-11-06,CUP,rubin,cska,0,0
2024-11-06,CUP,zenit,akhmat,3,0
2024-11-09,RPL,dinamo-mkh,orenburg,2,1
2024-11-09,RPL,dinamo-msk,pari-nn,3,1
2024-11-09,RPL,lokomotiv,fakel,2,1
2024-11-09,RPL,rostov,himki,3,1
2024-11-10,RPL,akhmat,zenit,1,2
2024-11-10,RPL,krylja,cska,1,2
2024-11-10,RPL,rubin,krasnodar,1,1
2024-11-10,RPL,spartak,akron,4,0
2024-11-22,RPL,rubin,akron,3,0
2024-11-23,RPL,cska,rostov,1,2
2024-11-23,RPL,himki,krasnodar,2,2
2024-11-23,RPL,orenburg,zenit,0,1
2024-11-23,RPL,spartak,lokomotiv,5,2
2024-11-24,RPL,fakel,dinamo-msk,1,1
2024-11-24,RPL,krylja,akhmat,2,1
2024-11-24,RPL,pari-nn,dinamo-mkh,0,0
2024-11-26,CUP,cska,rubin,3,0
2024-11-26,CUP,shinnik,akron,0,1
2024-11-26,CUP,tyumen,krasnodar,3,3
2024-11-27,CUP,akhmat,zenit,1,2
2024-11-27,CUP,rostov,spartak,2,1
2024-11-27,CUP,sochi,dinamo-mkh,1,1
2024-11-27,CUP,ural,himki,1,1
2024-11-28,CUP,lokomotiv,dinamo-msk,0,1
2024-11-30,RPL,akron,orenburg,1,0
2024-11-30,RPL,cska,rubin,2,2
2024-11-30,RPL,rostov,pari-nn,4,0
2024-12-01,RPL,dinamo-mkh,fakel,0,0
2024-12-01,RPL,krasnodar,spartak,0,3
2024-12-01,RPL,lokomotiv,himki,1,3
2024-12-01,RPL,zenit,krylja,2,3
2024-12-02,RPL,akhmat,dinamo-msk,1,1
2024-12-07,RPL,dinamo-mkh,rubin,2,3
2024-12-07,RPL,rostov,krylja,3,1
2024-12-07,RPL,spartak,pari-nn,3,0
2024-12-07,RPL,zenit,akron,1,2
2024-12-08,RPL,akhmat,orenburg,1,0
2024-12-08,RPL,dinamo-msk,himki,4,1
2024-12-08,RPL,fakel,cska,0,1
2024-12-08,RPL,krasnodar,lokomotiv,0,0
2025-02-28,RPL,dinamo-mkh,lokomotiv,1,1
2025-03-01,RPL,akhmat,rubin,2,1
2025-03-01,RPL,krasnodar,krylja,1,1
2025-03-01,RPL,pari-nn,akron,2,1
2025-03-01,RPL,zenit,cska,0,0
2025-03-02,RPL,himki,fakel,1,0
2025-03-02,RPL,rostov,dinamo-msk,1,1
2025-03-02,RPL,spartak,orenburg,2,0
2025-03-07,RPL,lokomotiv,akhmat,1,1
2025-03-07,RPL,pari-nn,krasnodar,0,3
2025-03-08,RPL,cska,himki,1,0
2025-03-08,RPL,dinamo-msk,dinamo-mkh,4,0
2025-03-08,RPL,fakel,zenit,0,2
2025-03-08,RPL,orenburg,rostov,1,2
2025-03-09,RPL,krylja,akron,0,2
2025-03-09,RPL,rubin,spartak,2,1
2025-03-11,CUP,dinamo-mkh,lokomotiv,1,2
2025-03-11,CUP,krasnodar,akhmat,1,2
2025-03-12,CUP,akron,spartak,2,3
2025-03-12,CUP,cska,dinamo-msk,2,1
2025-03-12,CUP,rostov,zenit,0,1
2025-03-12,CUP,ural,rubin,1,0
2025-03-15,RPL,dinamo-mkh,krylja,4,0
2025-03-15,RPL,himki,akhmat,1,1
2025-03-15,RPL,lokomotiv,dinamo-msk,2,1
2025-03-15,RPL,orenburg,fakel,1,0
2025-03-16,RPL,akron,cska,1,2
2025-03-16,RPL,rostov,krasnodar,0,1
2025-03-16,RPL,rubin,pari-nn,1,0
2025-03-16,RPL,spartak,zenit,2,1
2025-03-28,RPL,krylja,lokomotiv,5,1
2025-03-29,RPL,cska,dinamo-mkh,2,0
2025-03-29,RPL,dinamo-msk,orenburg,5,1
2025-03-29,RPL,himki,pari-nn,2,0
2025-03-30,RPL,akhmat,spartak,0,0
2025-03-30,RPL,krasnodar,fakel,5,0
2025-03-30,RPL,zenit,rubin,4,0
2025-03-31,RPL,akron,rostov,2,3
2025-04-04,RPL,pari-nn,orenburg,1,2
2025-04-05,RPL,fakel,akhmat,0,0
2025-04-05,RPL,krasnodar,akron,1,0
2025-04-05,RPL,krylja,rubin,1,1
2025-04-05,RPL,lokomotiv,zenit,1,1
2025-04-06,RPL,cska,dinamo-msk,3,1
2025-04-06,RPL,dinamo-mkh,himki,4,1
2025-04-06,RPL,rostov,spartak,0,3
2025-04-11,RPL,spartak,dinamo-mkh,1,2
2025-04-12,RPL,akhmat,rostov,2,1
2025-04-12,RPL,orenburg,cska,0,2
2025-04-12,RPL,pari-nn,dinamo-msk,1,1
2025-04-12,RPL,rubin,lokomotiv,1,0
2025-04-13,RPL,akron,fakel,1,0
2025-04-13,RPL,himki,krylja,1,3
2025-04-13,RPL,zenit,krasnodar,4,1
2025-04-15,CUP,lokomotiv,akhmat,2,1
2025-04-15,CUP,spartak,ural,3,0
2025-04-16,CUP,dinamo-msk,cska,0,0
2025-04-16,CUP,zenit,rostov,2,0
2025-04-19,RPL,akron,spartak,2,3
2025-04-19,RPL,krasnodar,akhmat,3,1
2025-04-19,RPL,lokomotiv,pari-nn,3,0
2025-04-19,RPL,orenburg,dinamo-mkh,2,1
2025-04-20,RPL,cska,krylja,1,1
2025-04-20,RPL,dinamo-msk,rubin,3,1
2025-04-20,RPL,fakel,rostov,0,2
2025-04-20,RPL,zenit,himki,1,0
2025-04-25,RPL,dinamo-mkh,krasnodar,2,3
2025-04-26,RPL,dinamo-msk,zenit,1,1
2025-04-26,RPL,pari-nn,akhmat,1,0
2025-04-26,RPL,rostov,lokomotiv,1,1
2025-04-26,RPL,spartak,cska,1,2
2025-04-27,RPL,himki,akron,2,2
2025-04-27,RPL,krylja,orenburg,2,0
2025-04-27,RPL,rubin,fakel,2,1
2025-04-29,CUP,spartak,dinamo-msk,2,1
2025-04-30,CUP,lokomotiv,rostov,0,2
2025-04-30,CUP,zenit,cska,2,0
2025-05-02,RPL,akron,dinamo-mkh,1,0
2025-05-03,RPL,krasnodar,rubin,2,1
2025-05-03,RPL,lokomotiv,orenburg,1,1
2025-05-04,RPL,akhmat,cska,1,1
2025-05-04,RPL,fakel,spartak,0,0
2025-05-04,RPL,himki,rostov,1,1
2025-05-04,RPL,zenit,pari-nn,2,1
2025-05-05,RPL,krylja,dinamo-msk,1,3
2025-05-10,RPL,cska,krasnodar,1,0
2025-05-10,RPL,dinamo-mkh,zenit,0,1
2025-05-10,RPL,orenburg,himki,1,1
2025-05-11,RPL,akron,akhmat,3,2
2025-05-11,RPL,dinamo-msk,spartak,2,0
2025-05-11,RPL,fakel,lokomotiv,0,1
2025-05-11,RPL,rubin,rostov,1,0
2025-05-12,RPL,pari-nn,krylja,5,2
2025-05-14,CUP,cska,zenit,2,0
2025-05-15,CUP,spartak,rostov,1,2
2025-05-17,RPL,himki,rubin,3,2
2025-05-17,RPL,orenburg,krasnodar,1,2
2025-05-17,RPL,pari-nn,fakel,1,1
2025-05-18,RPL,akhmat,dinamo-mkh,1,1
2025-05-18,RPL,dinamo-msk,akron,2,1
2025-05-18,RPL,krylja,spartak,0,2
2025-05-18,RPL,rostov,zenit,0,1
2025-05-19,RPL,akron,lokomotiv,1,4
2025-05-19,RPL,cska,pari-nn,2,0
2025-05-19,RPL,dinamo-mkh,rostov,1,1
2025-05-19,RPL,fakel,krylja,1,1
2025-05-19,RPL,krasnodar,dinamo-msk,3,0
2025-05-19,RPL,lokomotiv,cska,2,2
2025-05-19,RPL,rubin,orenburg,4,2
2025-05-19,RPL,spartak,himki,5,0
2025-05-19,RPL,zenit,akhmat,3,0
2025-06-01,CUP,rostov,cska,0,0
2025-07-12,SUP,krasnodar,cska,0,1
2025-07-18,RPL,dinamo-msk,baltika,1,1
2025-07-19,RPL,akron,krylja,1,1
2025-07-19,RPL,lokomotiv,sochi,3,0
2025-07-19,RPL,spartak,dinamo-mkh,1,0
2025-07-20,RPL,akhmat,rubin,0,2
2025-07-20,RPL,pari-nn,krasnodar,0,3
2025-07-20,RPL,zenit,rostov,2,1
2025-07-21,RPL,orenburg,cska,0,0
2025-07-25,RPL,krylja,pari-nn,2,0
2025-07-26,RPL,dinamo-msk,rostov,1,0
2025-07-26,RPL,krasnodar,lokomotiv,1,2
2025-07-26,RPL,sochi,akron,0,4
2025-07-26,RPL,spartak,baltika,0,3
2025-07-27,RPL,cska,akhmat,2,1
2025-07-27,RPL,orenburg,dinamo-mkh,1,1
2025-07-27,RPL,rubin,zenit,2,2
2025-07-29,CUP,akron,baltika,2,1
2025-07-29,CUP,dinamo-msk,sochi,3,2
2025-07-29,CUP,krasnodar,krylja,1,2
2025-07-30,CUP,akhmat,zenit,1,2
2025-07-30,CUP,cska,lokomotiv,2,1
2025-07-30,CUP,dinamo-mkh,pari-nn,1,0
2025-07-30,CUP,rostov,spartak,0,2
2025-07-31,CUP,rubin,orenburg,2,0
2025-08-02,RPL,krasnodar,dinamo-msk,1,0
2025-08-02,RPL,pari-nn,lokomotiv,2,3
2025-08-02,RPL,rostov,krylja,1,4
2025-08-03,RPL,akron,spartak,1,1
2025-08-03,RPL,baltika,orenburg,3,2
2025-08-03,RPL,dinamo-mkh,akhmat,1,0
2025-08-03,RPL,zenit,cska,1,1
2025-08-04,RPL,rubin,sochi,2,1
2025-08-08,RPL,dinamo-mkh,akron,1,1
2025-08-09,RPL,akhmat,zenit,1,0
2025-08-09,RPL,cska,rubin,5,1
2025-08-09,RPL,krylja,baltika,1,1
2025-08-09,RPL,lokomotiv,spartak,4,2
2025-08-10,RPL,orenburg,krasnodar,0,1
2025-08-10,RPL,rostov,pari-nn,1,0
2025-08-10,RPL,sochi,dinamo-msk,1,1
2025-08-12,CUP,akron,cska,1,1
2025-08-12,CUP,spartak,dinamo-mkh,1,1
2025-08-12,CUP,zenit,rubin,3,0
2025-08-13,CUP,dinamo-msk,krasnodar,0,4
2025-08-13,CUP,lokomotiv,baltika,2,0
2025-08-13,CUP,orenburg,akhmat,2,1
2025-08-13,CUP,sochi,krylja,1,1
2025-08-14,CUP,pari-nn,rostov,1,0
2025-08-16,RPL,akhmat,krylja,3,1
2025-08-16,RPL,baltika,lokomotiv,1,1
2025-08-16,RPL,spartak,zenit,2,2
2025-08-17,RPL,akron,orenburg,1,2
2025-08-17,RPL,dinamo-msk,cska,1,3
2025-08-17,RPL,krasnodar,sochi,5,1
2025-08-17,RPL,rubin,rostov,1,0
2025-08-18,RPL,pari-nn,dinamo-mkh,2,0
2025-08-22,RPL,orenburg,akhmat,2,2
2025-08-23,RPL,dinamo-msk,pari-nn,3,0
2025-08-23,RPL,lokomotiv,rostov,3,3
2025-08-23,RPL,rubin,spartak,0,2
2025-08-23,RPL,zenit,dinamo-mkh,4,0
2025-08-24,RPL,cska,akron,3,1
2025-08-24,RPL,krylja,krasnodar,0,6
2025-08-24,RPL,sochi,baltika,0,2
2025-08-26,CUP,akhmat,rubin,2,0
2025-08-26,CUP,orenburg,zenit,3,5
2025-08-26,CUP,spartak,pari-nn,4,0
2025-08-27,CUP,baltika,cska,0,2
2025-08-27,CUP,krylja,dinamo-msk,0,0
2025-08-27,CUP,rostov,dinamo-mkh,1,3
2025-08-27,CUP,sochi,krasnodar,2,4
2025-08-28,CUP,lokomotiv,akron,2,0
2025-08-30,RPL,orenburg,rubin,2,2
2025-08-30,RPL,rostov,akhmat,1,1
2025-08-30,RPL,spartak,sochi,2,1
2025-08-30,RPL,zenit,pari-nn,2,0
2025-08-31,RPL,akron,baltika,0,2
2025-08-31,RPL,cska,krasnodar,1,1
2025-08-31,RPL,dinamo-mkh,dinamo-msk,1,0
2025-08-31,RPL,lokomotiv,krylja,2,2
2025-09-12,RPL,rubin,dinamo-mkh,1,0
2025-09-13,RPL,akhmat,lokomotiv,1,1
2025-09-13,RPL,dinamo-msk,spartak,2,2
2025-09-13,RPL,krasnodar,akron,2,1
2025-09-13,RPL,pari-nn,orenburg,3,1
2025-09-14,RPL,baltika,zenit,0,0
2025-09-14,RPL,krylja,sochi,2,0
2025-09-14,RPL,rostov,cska,1,0
2025-09-16,CUP,akron,lokomotiv,1,3
2025-09-16,CUP,orenburg,rubin,0,0
2025-09-16,CUP,pari-nn,dinamo-mkh,1,2
2025-09-17,CUP,krylja,krasnodar,1,2
2025-09-17,CUP,sochi,dinamo-msk,0,4
2025-09-17,CUP,zenit,akhmat,2,1
2025-09-18,CUP,cska,baltika,1,1
2025-09-18,CUP,spartak,rostov,1,2
2025-09-20,RPL,akron,rubin,2,2
2025-09-20,RPL,dinamo-mkh,lokomotiv,1,1
2025-09-20,RPL,pari-nn,akhmat,1,2
2025-09-21,RPL,baltika,rostov,0,0
2025-09-21,RPL,krasnodar,zenit,0,2
2025-09-21,RPL,orenburg,dinamo-msk,1,3
2025-09-21,RPL,spartak,krylja,2,1
2025-09-22,RPL,sochi,cska,1,3
2025-09-26,RPL,krylja,dinamo-msk,2,3
2025-09-27,RPL,akhmat,akron,3,0
2025-09-27,RPL,lokomotiv,rubin,1,0
2025-09-27,RPL,rostov,krasnodar,0,0
2025-09-27,RPL,zenit,orenburg,5,2
2025-09-28,RPL,cska,baltika,1,0
2025-09-28,RPL,dinamo-mkh,sochi,0,0
2025-09-28,RPL,spartak,pari-nn,3,0
2025-09-30,CUP,akhmat,orenburg,0,1
2025-09-30,CUP,krasnodar,dinamo-msk,0,0
2025-09-30,CUP,rubin,zenit,0,1
2025-10-01,CUP,baltika,akron,3,0
2025-10-01,CUP,krylja,sochi,3,3
2025-10-01,CUP,lokomotiv,cska,0,0
2025-10-01,CUP,pari-nn,spartak,1,2
2025-10-02,CUP,dinamo-mkh,rostov,1,1
2025-10-04,RPL,akron,zenit,1,1
2025-10-04,RPL,dinamo-msk,lokomotiv,3,5
2025-10-04,RPL,krasnodar,akhmat,2,0
2025-10-04,RPL,rubin,krylja,2,0
2025-10-05,RPL,baltika,dinamo-mkh,2,0
2025-10-05,RPL,cska,spartak,3,2
2025-10-05,RPL,orenburg,rostov,0,1
2025-10-05,RPL,sochi,pari-nn,2,1
2025-10-18,RPL,dinamo-mkh,krasnodar,0,2
2025-10-18,RPL,krylja,orenburg,1,1
2025-10-18,RPL,lokomotiv,cska,3,0
2025-10-18,RPL,pari-nn,akron,0,1
2025-10-18,RPL,spartak,rostov,1,1
2025-10-19,RPL,dinamo-msk,akhmat,2,2
2025-10-19,RPL,rubin,baltika,0,3
2025-10-19,RPL,sochi,zenit,0,3
2025-10-21,CUP,cska,akron,3,2
2025-10-21,CUP,dinamo-mkh,spartak,1,3
2025-10-22,CUP,dinamo-msk,krylja,4,0
2025-10-22,CUP,rostov,pari-nn,4,1
2025-10-22,CUP,rubin,akhmat,3,3
2025-10-22,CUP,zenit,orenburg,6,0
2025-10-23,CUP,baltika,lokomotiv,1,2
2025-10-23,CUP,krasnodar,sochi,3,0
2025-10-25,RPL,cska,krylja,1,0
2025-10-25,RPL,rostov,dinamo-mkh,1,1
2025-10-25,RPL,spartak,orenburg,1,0
2025-10-26,RPL,akron,lokomotiv,1,1
2025-10-26,RPL,krasnodar,rubin,1,0
2025-10-26,RPL,pari-nn,baltika,0,0
2025-10-26,RPL,zenit,dinamo-msk,2,1
2025-10-27,RPL,akhmat,sochi,2,4
2025-10-31,RPL,cska,pari-nn,2,0
2025-11-01,RPL,dinamo-mkh,krylja,2,0
2025-11-01,RPL,rostov,akron,0,1
2025-11-01,RPL,rubin,dinamo-msk,0,0
2025-11-01,RPL,zenit,lokomotiv,2,0
2025-11-02,RPL,baltika,akhmat,2,0
2025-11-02,RPL,krasnodar,spartak,2,1
2025-11-02,RPL,orenburg,sochi,3,1
2025-11-05,CUP,dinamo-mkh,cska,1,0
2025-11-05,CUP,orenburg,krasnodar,1,3
2025-11-05,CUP,zenit,dinamo-msk,1,3
2025-11-06,CUP,spartak,lokomotiv,3,1
2025-11-08,RPL,dinamo-mkh,cska,0,1
2025-11-08,RPL,dinamo-msk,akron,1,2
2025-11-08,RPL,pari-nn,rubin,0,0
2025-11-08,RPL,sochi,rostov,0,1
2025-11-09,RPL,akhmat,spartak,1,2
2025-11-09,RPL,baltika,krasnodar,1,1
2025-11-09,RPL,krylja,zenit,1,1
2025-11-09,RPL,lokomotiv,orenburg,1,0
2025-11-21,RPL,akron,sochi,3,2
2025-11-22,RPL,orenburg,baltika,0,0
2025-11-22,RPL,rubin,akhmat,1,0
2025-11-22,RPL,spartak,cska,1,0
2025-11-23,RPL,dinamo-msk,dinamo-mkh,3,0
2025-11-23,RPL,krylja,rostov,2,0
2025-11-23,RPL,lokomotiv,krasnodar,1,1
2025-11-23,RPL,pari-nn,zenit,0,2
2025-11-25,CUP,arsenal-tula,rubin,0,0
2025-11-25,CUP,torpedo,baltika,0,2
2025-11-26,CUP,cska,dinamo-mkh,2,1
2025-11-26,CUP,krasnodar,orenburg,4,0
2025-11-26,CUP,lokomotiv,spartak,2,3
2025-11-26,CUP,neftekhimik,rostov,1,3
2025-11-27,CUP,dinamo-msk,zenit,0,1
2025-11-27,CUP,kamaz,krylja,1,1
2025-11-29,RPL,akron,pari-nn,1,2
2025-11-29,RPL,baltika,spartak,1,0
2025-11-29,RPL,cska,orenburg,2,0
2025-11-30,RPL,akhmat,dinamo-msk,2,1
2025-11-30,RPL,krasnodar,krylja,5,0
2025-11-30,RPL,rostov,lokomotiv,1,3
2025-11-30,RPL,zenit,rubin,1,0
2025-12-01,RPL,sochi,dinamo-mkh,0,0
2025-12-05,RPL,akhmat,orenburg,1,0
2025-12-06,RPL,rostov,rubin,2,0
2025-12-06,RPL,spartak,dinamo-msk,1,1
2025-12-06,RPL,zenit,akron,2,0
2025-12-07,RPL,baltika,krylja,2,0
2025-12-07,RPL,dinamo-mkh,pari-nn,0,1
2025-12-07,RPL,krasnodar,cska,3,2
2025-12-07,RPL,sochi,lokomotiv,2,4
2026-02-27,RPL,zenit,baltika,1,0
2026-02-28,RPL,dinamo-mkh,rubin,2,1
2026-02-28,RPL,krasnodar,rostov,2,1
2026-02-28,RPL,lokomotiv,pari-nn,2,1
2026-02-28,RPL,orenburg,akron,2,0
2026-03-01,RPL,akhmat,cska,1,0
2026-03-01,RPL,dinamo-msk,krylja,4,0
2026-03-02,RPL,sochi,spartak,2,3
2026-03-03,CUP,baltika,zenit,0,1
2026-03-04,CUP,cska,krasnodar,3,1
2026-03-04,CUP,krylja,orenburg,2,0
2026-03-04,CUP,rostov,dinamo-mkh,0,2
2026-03-05,CUP,arsenal-tula,lokomotiv,1,2
2026-03-05,CUP,dinamo-msk,spartak,5,2
2026-03-07,RPL,pari-nn,sochi,2,1
2026-03-07,RPL,rostov,baltika,1,1
2026-03-08,RPL,cska,dinamo-msk,1,4
2026-03-08,RPL,krylja,dinamo-mkh,2,0
2026-03-08,RPL,orenburg,zenit,2,1
2026-03-08,RPL,rubin,krasnodar,2,1
2026-03-09,RPL,lokomotiv,akhmat,2,2
2026-03-09,RPL,spartak,akron,4,3
2026-03-13,RPL,dinamo-mkh,orenburg,1,0
2026-03-14,RPL,baltika,cska,1,0
2026-03-14,RPL,rostov,dinamo-msk,0,1
2026-03-14,RPL,sochi,krasnodar,1,2
2026-03-14,RPL,zenit,spartak,2,0
2026-03-15,RPL,akron,akhmat,1,1
2026-03-15,RPL,pari-nn,krylja,3,0
2026-03-15,RPL,rubin,lokomotiv,3,0
2026-03-17,CUP,krasnodar,cska,4,0
2026-03-18,CUP,spartak,dinamo-msk,1,0
2026-03-18,CUP,zenit,dinamo-mkh,1,0
2026-03-19,CUP,krylja,lokomotiv,2,2
2026-03-21,RPL,akhmat,rostov,1,0
2026-03-21,RPL,baltika,sochi,4,0
2026-03-21,RPL,cska,dinamo-mkh,3,1
2026-03-21,RPL,krasnodar,pari-nn,5,0
2026-03-22,RPL,dinamo-msk,zenit,1,3
2026-03-22,RPL,krylja,rubin,0,0
2026-03-22,RPL,lokomotiv,akron,5,1
2026-03-22,RPL,orenburg,spartak,0,2
2026-04-04,RPL,akhmat,krasnodar,0,1
2026-04-04,RPL,akron,cska,1,2
2026-04-04,RPL,dinamo-msk,orenburg,3,3
2026-04-04,RPL,zenit,krylja,2,1
2026-04-05,RPL,dinamo-mkh,baltika,2,2
2026-04-05,RPL,pari-nn,rostov,0,1
2026-04-05,RPL,spartak,lokomotiv,2,1
2026-04-06,RPL,sochi,rubin,0,1
2026-04-07,CUP,krylja,cska,2,5
2026-04-08,CUP,dinamo-msk,krasnodar,0,0
2026-04-08,CUP,zenit,spartak,0,0
2026-04-11,RPL,baltika,pari-nn,2,2
2026-04-11,RPL,krylja,akhmat,2,2
2026-04-11,RPL,rubin,orenburg,0,0
2026-04-12,RPL,cska,sochi,0,1
2026-04-12,RPL,lokomotiv,dinamo-mkh,1,1
2026-04-12,RPL,rostov,spartak,1,1
2026-04-12,RPL,zenit,krasnodar,1,1
2026-04-13,RPL,akron,dinamo-msk,2,3
2026-04-17,RPL,rostov,sochi,0,1
2026-04-18,RPL,krylja,cska,1,1
2026-04-18,RPL,orenburg,lokomotiv,0,1
2026-04-18,RPL,pari-nn,dinamo-msk,1,1
2026-04-18,RPL,rubin,akron,1,1
2026-04-19,RPL,dinamo-mkh,zenit,0,1
2026-04-19,RPL,krasnodar,baltika,2,2
2026-04-19,RPL,spartak,akhmat,3,1
2026-04-21,RPL,cska,rostov,1,1
2026-04-21,RPL,sochi,krylja,2,1
2026-04-22,RPL,dinamo-msk,rubin,0,1
2026-04-22,RPL,lokomotiv,zenit,0,0
2026-04-22,RPL,orenburg,pari-nn,2,1
2026-04-23,RPL,akhmat,baltika,1,1
2026-04-23,RPL,akron,dinamo-mkh,1,1
2026-04-23,RPL,spartak,krasnodar,1,2
2026-04-25,RPL,krylja,lokomotiv,2,0
2026-04-25,RPL,rostov,orenburg,0,1
2026-04-25,RPL,rubin,cska,0,0
2026-04-26,RPL,dinamo-msk,sochi,2,0
2026-04-26,RPL,krasnodar,dinamo-mkh,2,1
2026-04-26,RPL,pari-nn,spartak,1,2
2026-04-26,RPL,zenit,akhmat,2,0
2026-04-27,RPL,baltika,akron,0,1
2026-05-01,RPL,krylja,spartak,2,1
2026-05-01,RPL,lokomotiv,dinamo-msk,1,1
2026-05-02,RPL,baltika,rubin,0,1
2026-05-02,RPL,cska,zenit,1,3
2026-05-02,RPL,dinamo-mkh,rostov,1,2
2026-05-03,RPL,akhmat,pari-nn,2,0
2026-05-03,RPL,akron,krasnodar,0,1
2026-05-03,RPL,sochi,orenburg,3,1
2026-05-06,CUP,spartak,cska,1,0
2026-05-07,CUP,krasnodar,dinamo-msk,0,0
2026-05-10,RPL,akhmat,dinamo-mkh,1,1
2026-05-10,RPL,lokomotiv,baltika,1,0
2026-05-10,RPL,orenburg,krylja,1,0
2026-05-10,RPL,zenit,sochi,2,1
2026-05-11,RPL,akron,rostov,1,3
2026-05-11,RPL,baltika,dinamo-msk,1,2
2026-05-11,RPL,cska,lokomotiv,3,1
2026-05-11,RPL,dinamo-mkh,spartak,0,0
2026-05-11,RPL,dinamo-msk,krasnodar,2,1
2026-05-11,RPL,krasnodar,orenburg,3,0
2026-05-11,RPL,krylja,akron,4,1
2026-05-11,RPL,pari-nn,cska,1,2
2026-05-11,RPL,rostov,zenit,0,1
2026-05-11,RPL,rubin,pari-nn,2,2
2026-05-11,RPL,sochi,akhmat,1,1
2026-05-11,RPL,spartak,rubin,2,1
2026-05-24,CUP,spartak,krasnodar,1,1
2026-05-27,RPLPO,shinnik,akron,1,2
2026-05-31,RPLPO,akron,shinnik,1,0
2026-07-24,RPL,cska,baltika,2,1
2026-07-25,RPL,akron,zenit,0,5
2026-07-25,RPL,dinamo-msk,krylja,0,0
2026-07-25,RPL,fakel,dinamo-mkh,1,2
2026-07-25,RPL,spartak,rodina,3,0
2026-07-26,RPL,lokomotiv,akhmat,1,1
2026-07-26,RPL,orenburg,rostov,2,1
2026-07-26,RPL,rubin,krasnodar,1,3
