date,comp,home,away,hg,ag,note
2024-07-19,CZE1,Sparta,Pardubice,2,1,
2024-07-20,CZE1,Jablonec,Ml.Boleslav,2,0,
2024-07-20,CZE1,Bohemians,Ostrava,2,1,
2024-07-20,CZE1,C.Budejovice,Olomouc,0,2,
2024-07-20,CZE1,Dukla,Plzen,1,3,
2024-07-21,CZE1,Karvina,Liberec,1,3,
2024-07-21,CZE1,Slovacko,Slavia,0,0,
2024-07-21,CZE1,Hradec,Teplice,1,0,
2024-07-27,CZE1,Dukla,Bohemians,1,0,
2024-07-27,CZE1,Pardubice,Karvina,0,1,
2024-07-27,CZE1,Teplice,Sparta,1,4,
2024-07-27,CZE1,Slavia,C.Budejovice,4,0,
2024-07-28,CZE1,Liberec,Olomouc,1,1,
2024-07-28,CZE1,Ostrava,Jablonec,1,0,
2024-07-28,CZE1,Ml.Boleslav,Slovacko,3,0,
2024-07-28,CZE1,Plzen,Hradec,1,0,
2024-08-02,CZE1,Liberec,Slavia,0,1,
2024-08-02,CZE1,Sparta,Dukla,2,0,
2024-08-03,CZE1,Slovacko,Bohemians,0,0,
2024-08-03,CZE1,Jablonec,Plzen,0,0,
2024-08-03,CZE1,Olomouc,Teplice,2,1,
2024-08-04,CZE1,C.Budejovice,Pardubice,1,3,
2024-08-04,CZE1,Hradec,Ml.Boleslav,2,1,
2024-08-10,CZE1,Dukla,Jablonec,0,2,
2024-08-10,CZE1,Bohemians,Sparta,1,2,
2024-08-10,CZE1,Teplice,Liberec,2,1,h2h
2024-08-10,CZE1,Slavia,Olomouc,2,0,
2024-08-11,CZE1,Pardubice,Slovacko,0,1,
2024-08-11,CZE1,Ostrava,Hradec,1,0,
2024-08-11,CZE1,Ml.Boleslav,C.Budejovice,4,0,
2024-08-11,CZE1,Plzen,Karvina,5,0,
2024-08-17,CZE1,Hradec,Dukla,1,0,
2024-08-17,CZE1,Karvina,Bohemians,1,2,
2024-08-17,CZE1,Slavia,Teplice,2,1,
2024-08-17,CZE1,Jablonec,Sparta,1,2,
2024-08-18,CZE1,C.Budejovice,Plzen,0,3,
2024-08-18,CZE1,Slovacko,Ostrava,1,0,
2024-08-18,CZE1,Olomouc,Ml.Boleslav,3,2,
2024-08-18,CZE1,Liberec,Pardubice,3,0,
2024-08-24,CZE1,Bohemians,Jablonec,1,2,
2024-08-24,CZE1,Sparta,Slovacko,2,2,
2024-08-24,CZE1,Teplice,Karvina,1,3,
2024-08-24,CZE1,Pardubice,Hradec,2,1,
2024-08-25,CZE1,Ostrava,Liberec,2,0,
2024-08-25,CZE1,Dukla,C.Budejovice,3,0,
2024-08-28,CZE1,Karvina,Ostrava,0,0,catchup
2024-08-31,CZE1,C.Budejovice,Bohemians,0,0,
2024-08-31,CZE1,Slovacko,Jablonec,0,0,
2024-08-31,CZE1,Hradec,Sparta,0,2,
2024-09-01,CZE1,Karvina,Dukla,0,0,
2024-09-01,CZE1,Olomouc,Ostrava,2,2,
2024-09-01,CZE1,Slavia,Pardubice,2,0,
2024-09-01,CZE1,Teplice,Ml.Boleslav,1,2,
2024-09-01,CZE1,Liberec,Plzen,1,1,
2024-09-17,CZE1,Plzen,Olomouc,2,1,catchup
2024-09-17,CZE1,Ml.Boleslav,Slavia,0,2,catchup
2024-09-21,CZE1,Hradec,Slovacko,3,0,
2024-09-21,CZE1,Karvina,Jablonec,1,0,
2024-09-21,CZE1,Teplice,Ostrava,2,3,
2024-09-21,CZE1,Slavia,Plzen,3,0,
2024-09-22,CZE1,Ml.Boleslav,Pardubice,2,2,
2024-09-22,CZE1,Olomouc,Dukla,2,1,
2024-09-22,CZE1,C.Budejovice,Sparta,0,2,
2024-09-22,CZE1,Liberec,Bohemians,2,2,
2024-09-27,CZE1,Sparta,Olomouc,2,3,
2024-09-28,CZE1,Dukla,Liberec,1,4,
2024-09-28,CZE1,Pardubice,Teplice,0,1,
2024-09-28,CZE1,Slovacko,Karvina,2,1,
2024-09-28,CZE1,Jablonec,Hradec,2,0,
2024-09-29,CZE1,Ostrava,C.Budejovice,2,1,
2024-09-29,CZE1,Plzen,Ml.Boleslav,1,1,
2024-09-29,CZE1,Bohemians,Slavia,0,4,
2024-10-05,CZE1,Karvina,Hradec,0,0,
2024-10-05,CZE1,Teplice,Dukla,1,1,
2024-10-05,CZE1,C.Budejovice,Slovacko,0,2,
2024-10-05,CZE1,Liberec,Jablonec,0,5,
2024-10-06,CZE1,Plzen,Pardubice,2,0,
2024-10-06,CZE1,Ml.Boleslav,Ostrava,0,0,
2024-10-06,CZE1,Olomouc,Bohemians,1,3,
2024-10-06,CZE1,Slavia,Sparta,2,1,
2024-10-19,CZE1,Hradec,Olomouc,1,1,
2024-10-19,CZE1,Ostrava,Plzen,1,3,
2024-10-19,CZE1,Dukla,Pardubice,2,1,
2024-10-19,CZE1,Sparta,Liberec,2,1,
2024-10-20,CZE1,Bohemians,Ml.Boleslav,2,2,
2024-10-20,CZE1,Karvina,C.Budejovice,4,1,
2024-10-20,CZE1,Slovacko,Teplice,0,2,
2024-10-20,CZE1,Jablonec,Slavia,1,2,
2024-10-26,CZE1,Liberec,Slovacko,4,0,
2024-10-26,CZE1,Pardubice,Ostrava,2,3,
2024-10-26,CZE1,C.Budejovice,Hradec,0,2,
2024-10-26,CZE1,Olomouc,Jablonec,0,0,
2024-10-27,CZE1,Teplice,Bohemians,1,2,
2024-10-27,CZE1,Ml.Boleslav,Karvina,1,1,
2024-10-27,CZE1,Slavia,Dukla,3,0,
2024-10-27,CZE1,Plzen,Sparta,1,0,
2024-11-23,CZE1,Jablonec,Ostrava,3,1,
2024-11-23,CZE1,Slovacko,Ml.Boleslav,1,1,
2024-11-23,CZE1,Sparta,Teplice,1,1,
2024-11-24,CZE1,Bohemians,Dukla,3,1,
2024-11-24,CZE1,Karvina,Pardubice,1,0,
2024-11-24,CZE1,C.Budejovice,Slavia,0,4,
2024-11-24,CZE1,Olomouc,Liberec,1,4,
2024-11-27,CZE1,Olomouc,Slovacko,2,1,catchup
2024-11-30,CZE1,Bohemians,Slovacko,3,3,
2024-11-30,CZE1,Ostrava,Karvina,2,1,
2024-11-30,CZE1,Teplice,Olomouc,1,0,
2024-11-30,CZE1,Dukla,Sparta,1,1,
2024-11-02,CZE1,Dukla,Ml.Boleslav,0,1,
2024-11-02,CZE1,Jablonec,Teplice,3,0,
2024-11-02,CZE1,Karvina,Olomouc,2,1,
2024-11-02,CZE1,Sparta,Ostrava,1,3,
2024-11-03,CZE1,C.Budejovice,Liberec,0,0,
2024-11-03,CZE1,Bohemians,Pardubice,0,0,
2024-11-03,CZE1,Slovacko,Plzen,1,0,
2024-11-03,CZE1,Hradec,Slavia,1,1,
2024-11-09,CZE1,Ostrava,Dukla,6,0,
2024-11-09,CZE1,Pardubice,Jablonec,2,0,
2024-11-09,CZE1,Liberec,Hradec,0,0,
2024-11-10,CZE1,Teplice,C.Budejovice,5,2,
2024-11-10,CZE1,Ml.Boleslav,Sparta,2,2,
2024-11-10,CZE1,Plzen,Bohemians,2,0,
2024-11-10,CZE1,Slavia,Karvina,5,1,
2024-11-23,CZE1,Hradec,Plzen,0,1,
2024-12-14,CZE1,Dukla,Hradec,1,2,
2024-12-14,CZE1,Bohemians,Karvina,3,3,
2024-12-14,CZE1,Pardubice,Liberec,1,1,
2024-12-14,CZE1,Ostrava,Slovacko,3,1,
2024-12-15,CZE1,Sparta,Jablonec,2,1,
2024-12-15,CZE1,Ml.Boleslav,Olomouc,1,3,
2024-12-15,CZE1,Teplice,Slavia,1,0,
2024-12-15,CZE1,Plzen,C.Budejovice,7,2,
2024-12-08,CZE1,Karvina,Plzen,1,2,
2024-12-08,CZE1,C.Budejovice,Ml.Boleslav,0,4,
2024-12-08,CZE1,Olomouc,Slavia,1,2,
2024-12-08,CZE1,Liberec,Teplice,3,0,h2h
2025-02-01,CZE1,Karvina,Teplice,1,1,
2025-02-01,CZE1,Liberec,Ostrava,0,1,
2025-02-01,CZE1,C.Budejovice,Dukla,0,0,
2025-02-02,CZE1,Slovacko,Sparta,0,2,
2025-02-02,CZE1,Jablonec,Bohemians,0,1,
2025-02-02,CZE1,Slavia,Ml.Boleslav,1,0,
2025-02-03,CZE1,Olomouc,Plzen,2,1,
2025-02-08,CZE1,Ml.Boleslav,Teplice,2,1,
2025-02-08,CZE1,Pardubice,Slavia,0,2,
2025-02-08,CZE1,Plzen,Liberec,3,2,
2025-02-09,CZE1,Jablonec,Slovacko,4,2,
2025-02-09,CZE1,Ostrava,Olomouc,1,0,
2025-02-09,CZE1,Bohemians,C.Budejovice,1,0,
2025-02-09,CZE1,Sparta,Hradec,3,0,
2025-02-15,CZE1,Olomouc,Pardubice,4,0,
2025-02-15,CZE1,Slovacko,Dukla,0,0,
2025-02-15,CZE1,C.Budejovice,Jablonec,2,3,
2025-02-15,CZE1,Karvina,Sparta,2,3,
2025-02-16,CZE1,Hradec,Bohemians,2,2,
2025-02-16,CZE1,Liberec,Ml.Boleslav,3,1,
2025-02-16,CZE1,Teplice,Plzen,0,2,
2025-02-16,CZE1,Slavia,Ostrava,1,0,
2025-02-22,CZE1,Dukla,Olomouc,1,3,
2025-02-22,CZE1,Ostrava,Teplice,2,0,
2025-02-22,CZE1,Pardubice,Ml.Boleslav,0,3,
2025-02-22,CZE1,Sparta,C.Budejovice,2,1,
2025-02-23,CZE1,Bohemians,Liberec,0,0,
2025-02-23,CZE1,Jablonec,Karvina,5,0,
2025-02-23,CZE1,Plzen,Slavia,1,3,
2025-03-29,CZE1,Jablonec,Olomouc,0,0,
2025-03-29,CZE1,Ostrava,Pardubice,5,2,
2025-03-29,CZE1,Bohemians,Teplice,1,1,
2025-03-29,CZE1,Dukla,Slavia,0,0,
2025-03-30,CZE1,Slovacko,Liberec,0,4,
2025-03-30,CZE1,Hradec,C.Budejovice,1,0,
2025-03-30,CZE1,Karvina,Ml.Boleslav,3,1,
2025-03-30,CZE1,Sparta,Plzen,2,4,
2025-03-16,CZE1,Olomouc,Hradec,1,2,
2025-03-16,CZE1,Plzen,Ostrava,0,1,
2025-03-16,CZE1,C.Budejovice,Karvina,2,3,
2025-03-16,CZE1,Slavia,Jablonec,3,0,
2024-12-01,CZE1,Slavia,Liberec,1,0,
2024-12-01,CZE1,Ml.Boleslav,Hradec,3,0,
2024-12-01,CZE1,Pardubice,C.Budejovice,0,0,
2024-12-01,CZE1,Plzen,Jablonec,3,2,
2024-12-03,CZE1,Sparta,Karvina,4,1,
2024-12-04,CZE1,Dukla,Slovacko,1,2,
2024-12-04,CZE1,Jablonec,C.Budejovice,5,0,
2024-12-04,CZE1,Pardubice,Olomouc,2,2,
2024-12-04,CZE1,Bohemians,Hradec,0,3,
2024-12-05,CZE1,Ostrava,Slavia,0,1,
2024-12-05,CZE1,Ml.Boleslav,Liberec,1,0,
2024-12-05,CZE1,Plzen,Teplice,1,1,
2024-12-07,CZE1,Slovacko,Pardubice,1,1,
2024-12-07,CZE1,Jablonec,Dukla,2,1,
2024-12-07,CZE1,Sparta,Bohemians,1,0,
2024-12-08,CZE1,Hradec,Ostrava,0,1,
2025-02-01,CZE1,Hradec,Pardubice,3,0,
2025-03-01,CZE1,C.Budejovice,Ostrava,0,4,
2025-03-01,CZE1,Hradec,Jablonec,1,1,
2025-03-01,CZE1,Olomouc,Sparta,1,2,
2025-03-01,CZE1,Teplice,Pardubice,2,0,
2025-03-02,CZE1,Liberec,Dukla,1,1,
2025-03-02,CZE1,Karvina,Slovacko,2,0,
2025-03-02,CZE1,Ml.Boleslav,Plzen,0,2,
2025-03-02,CZE1,Slavia,Bohemians,2,0,
2025-03-08,CZE1,Dukla,Teplice,1,1,
2025-03-08,CZE1,Jablonec,Liberec,0,0,
2025-03-08,CZE1,Slovacko,C.Budejovice,2,1,
2025-03-08,CZE1,Sparta,Slavia,2,0,
2025-03-09,CZE1,Ostrava,Ml.Boleslav,2,1,
2025-03-09,CZE1,Bohemians,Olomouc,0,1,
2025-03-09,CZE1,Hradec,Karvina,1,1,
2025-03-09,CZE1,Pardubice,Plzen,0,0,
2025-03-12,CZE1,Dukla,Karvina,0,0,catchup
2025-03-15,CZE1,Ml.Boleslav,Bohemians,1,2,
2025-03-15,CZE1,Pardubice,Dukla,0,1,
2025-03-15,CZE1,Teplice,Slovacko,1,0,
2025-03-15,CZE1,Liberec,Sparta,1,0,
2025-04-05,CZE1,Pardubice,Bohemians,2,0,
2025-04-05,CZE1,Olomouc,Karvina,1,2,
2025-04-05,CZE1,Ostrava,Sparta,1,1,
2025-04-05,CZE1,Liberec,C.Budejovice,2,0,
2025-04-05,CZE1,Slavia,Hradec,2,1,
2025-04-06,CZE1,Teplice,Jablonec,0,1,
2025-04-06,CZE1,Ml.Boleslav,Dukla,0,1,
2025-04-06,CZE1,Plzen,Slovacko,2,0,
2025-04-09,CZE1,Slovacko,Hradec,1,5,catchup
2025-04-12,CZE1,Karvina,Slavia,0,4,
2025-04-12,CZE1,Dukla,Ostrava,2,0,
2025-04-13,CZE1,Jablonec,Pardubice,1,0,
2025-04-13,CZE1,C.Budejovice,Teplice,1,1,
2025-04-13,CZE1,Slovacko,Olomouc,2,2,
2025-04-13,CZE1,Sparta,Ml.Boleslav,2,0,
2025-04-13,CZE1,Bohemians,Plzen,1,2,
2025-04-13,CZE1,Hradec,Liberec,0,2,
2025-04-19,CZE1,Ostrava,Bohemians,1,0,
2025-04-19,CZE1,Ml.Boleslav,Jablonec,0,1,
2025-04-19,CZE1,Pardubice,Sparta,1,2,
2025-04-19,CZE1,Olomouc,C.Budejovice,3,0,
2025-04-19,CZE1,Slavia,Slovacko,2,0,
2025-04-19,CZE1,Liberec,Karvina,2,3,
2025-04-19,CZE1,Teplice,Hradec,1,0,
2025-04-19,CZE1,Plzen,Dukla,4,2,
2025-04-26,CZE1,Olomouc,Slavia,0,5,g-champ,
2025-04-26,CZE1,C.Budejovice,Ml.Boleslav,1,2,g-rel,
2025-04-26,CZE1,Slovacko,Pardubice,1,0,g-rel,
2025-04-27,CZE1,Ostrava,Jablonec,1,2,g-champ,
2025-04-27,CZE1,Plzen,Sparta,2,0,g-champ,
2025-04-27,CZE1,Teplice,Dukla,2,2,g-rel,
2025-05-03,CZE1,Slavia,Plzen,4,3,g-champ,
2025-05-03,CZE1,Ostrava,Olomouc,0,0,g-champ,
2025-05-03,CZE1,Hradec,Karvina,1,0,po-mid-sf1,
2025-05-03,CZE1,Dukla,Pardubice,2,0,g-rel,
2025-05-04,CZE1,Sparta,Jablonec,1,3,g-champ,
2025-05-04,CZE1,Bohemians,Liberec,4,1,po-mid-sf1,
2025-05-04,CZE1,Slovacko,C.Budejovice,0,0,g-rel,
2025-05-04,CZE1,Ml.Boleslav,Teplice,1,0,g-rel,
2025-05-10,CZE1,Jablonec,Olomouc,4,0,g-champ,
2025-05-10,CZE1,Slavia,Sparta,2,1,g-champ,
2025-05-10,CZE1,Karvina,Hradec,0,4,po-mid-sf2,
2025-05-10,CZE1,Pardubice,C.Budejovice,1,0,g-rel,
2025-05-11,CZE1,Plzen,Ostrava,1,2,g-champ,
2025-05-11,CZE1,Liberec,Bohemians,1,0,po-mid-sf2,
2025-05-11,CZE1,Teplice,Slovacko,1,0,g-rel,
2025-05-11,CZE1,Ml.Boleslav,Dukla,2,3,g-rel,
2025-05-17,CZE1,Pardubice,Ml.Boleslav,2,1,g-rel,
2025-05-17,CZE1,Slovacko,Dukla,3,2,g-rel,
2025-05-17,CZE1,C.Budejovice,Teplice,0,3,g-rel,
2025-05-18,CZE1,Ostrava,Sparta,3,2,g-champ,
2025-05-18,CZE1,Jablonec,Slavia,3,2,g-champ,
2025-05-18,CZE1,Olomouc,Plzen,1,2,g-champ,
2025-05-18,CZE1,Bohemians,Hradec,1,0,po-mid-f1,
2025-05-24,CZE1,Slavia,Ostrava,3,0,g-champ,
2025-05-24,CZE1,Sparta,Olomouc,1,1,g-champ,
2025-05-24,CZE1,Plzen,Jablonec,4,1,g-champ,
2025-05-25,CZE1,Hradec,Bohemians,2,0,po-mid-f2,
2025-05-25,CZE1,Dukla,C.Budejovice,2,1,g-rel,
2025-05-25,CZE1,Ml.Boleslav,Slovacko,2,2,g-rel,
2025-05-25,CZE1,Teplice,Pardubice,3,0,g-rel,
2025-07-26,CZE1,Hradec,Karvina,1,2,
2025-07-26,CZE1,Olomouc,Dukla,0,0,
2025-07-26,CZE1,Plzen,Jablonec,1,1,
2025-07-26,CZE1,Zlin,Slovacko,1,1,
2025-07-26,CZE1,Bohemians,Slavia,0,2,
2025-07-27,CZE1,Liberec,Pardubice,2,1,
2025-07-27,CZE1,Sparta,Ml.Boleslav,3,2,
2025-07-20,CZE1,Slovacko,Olomouc,0,1,
2025-07-20,CZE1,Ml.Boleslav,Liberec,3,3,
2025-07-20,CZE1,Slavia,Hradec,2,2,
2025-07-19,CZE1,Bohemians,Ostrava,1,0,
2025-07-19,CZE1,Karvina,Dukla,2,0,
2025-07-19,CZE1,Teplice,Zlin,1,3,
2025-07-19,CZE1,Jablonec,Sparta,1,1,
2025-07-18,CZE1,Pardubice,Plzen,1,5,
2025-08-23,CZE1,Teplice,Jablonec,0,1,
2025-08-23,CZE1,Plzen,Karvina,2,1,
2025-08-23,CZE1,Zlin,Liberec,1,0,
2025-08-23,CZE1,Slavia,Pardubice,3,1,
2025-08-24,CZE1,Hradec,Olomouc,1,0,
2025-08-24,CZE1,Ostrava,Slovacko,2,0,
2025-08-24,CZE1,Sparta,Dukla,3,2,
2025-08-19,CZE1,Ml.Boleslav,Plzen,0,5,catchup
2025-08-17,CZE1,Karvina,Bohemians,1,2,
2025-08-17,CZE1,Liberec,Sparta,0,2,
2025-08-16,CZE1,Dukla,Plzen,2,0,
2025-08-16,CZE1,Ml.Boleslav,Hradec,3,2,
2025-08-16,CZE1,Olomouc,Zlin,1,0,
2025-08-16,CZE1,Slovacko,Teplice,2,1,
2025-08-16,CZE1,Jablonec,Slavia,1,1,
2025-08-10,CZE1,Bohemians,Jablonec,0,1,
2025-08-10,CZE1,Hradec,Pardubice,1,1,
2025-08-10,CZE1,Ostrava,Karvina,1,2,
2025-08-10,CZE1,Sparta,Olomouc,1,0,
2025-08-09,CZE1,Liberec,Dukla,2,0,
2025-08-09,CZE1,Plzen,Slovacko,1,1,
2025-08-30,CZE1,Dukla,Hradec,1,1,
2025-08-30,CZE1,Karvina,Teplice,4,1,
2025-08-30,CZE1,Pardubice,Bohemians,1,1,
2025-08-30,CZE1,Slovacko,Jablonec,0,2,
2025-08-30,CZE1,Ml.Boleslav,Slavia,1,3,
2025-08-31,CZE1,Liberec,Plzen,1,1,
2025-08-31,CZE1,Olomouc,Ostrava,1,0,
2025-08-31,CZE1,Sparta,Zlin,3,1,
2025-08-09,CZE1,Zlin,Ml.Boleslav,3,2,
2025-08-09,CZE1,Slavia,Teplice,3,0,
2025-08-03,CZE1,Slovacko,Slavia,0,1,
2025-08-03,CZE1,Dukla,Ostrava,1,1,
2025-08-03,CZE1,Pardubice,Sparta,1,3,
2025-08-02,CZE1,Jablonec,Hradec,2,0,
2025-08-02,CZE1,Karvina,Zlin,0,1,
2025-08-02,CZE1,Teplice,Bohemians,3,0,
2025-08-02,CZE1,Olomouc,Liberec,2,1,
2025-09-26,CZE1,Slavia,Dukla,2,0,
2025-09-27,CZE1,Ostrava,Sparta,0,3,
2025-09-27,CZE1,Bohemians,Olomouc,2,2,
2025-09-27,CZE1,Slovacko,Karvina,1,2,
2025-09-27,CZE1,Hradec,Liberec,2,3,
2025-09-28,CZE1,Teplice,Pardubice,0,0,
2025-09-28,CZE1,Jablonec,Ml.Boleslav,2,0,
2025-09-28,CZE1,Plzen,Zlin,0,1,
2025-09-21,CZE1,Dukla,Bohemians,0,2,
2025-09-21,CZE1,Liberec,Slavia,1,1,
2025-09-21,CZE1,Ml.Boleslav,Ostrava,1,1,
2025-09-20,CZE1,Karvina,Jablonec,1,2,
2025-09-20,CZE1,Pardubice,Slovacko,1,1,
2025-09-20,CZE1,Olomouc,Teplice,0,0,
2025-09-20,CZE1,Zlin,Hradec,1,2,
2025-09-20,CZE1,Sparta,Plzen,2,1,catchup
2025-09-17,CZE1,Ostrava,Teplice,1,1,catchup
2025-09-14,CZE1,Jablonec,Pardubice,3,2,
2025-09-14,CZE1,Bohemians,Slovacko,1,0,
2025-09-14,CZE1,Hradec,Sparta,2,1,
2025-09-13,CZE1,Ostrava,Liberec,0,2,
2025-09-13,CZE1,Teplice,Ml.Boleslav,2,3,
2025-09-13,CZE1,Plzen,Olomouc,1,0,
2025-09-13,CZE1,Zlin,Dukla,1,1,
2025-09-13,CZE1,Slavia,Karvina,3,1,
2025-10-22,CZE1,Bohemians,Ml.Boleslav,1,1,catchup
2025-10-25,CZE1,Dukla,Slovacko,1,0,
2025-10-25,CZE1,Hradec,Teplice,0,0,
2025-10-25,CZE1,Ml.Boleslav,Karvina,2,4,
2025-10-25,CZE1,Zlin,Pardubice,2,2,
2025-10-25,CZE1,Liberec,Jablonec,0,2,
2025-10-26,CZE1,Olomouc,Slavia,0,0,
2025-10-26,CZE1,Plzen,Ostrava,2,0,
2025-10-28,CZE1,Sparta,Bohemians,2,1,catchup
2025-10-19,CZE1,Ostrava,Hradec,0,1,
2025-10-19,CZE1,Slovacko,Sparta,0,0,
2025-10-19,CZE1,Jablonec,Dukla,0,0,
2025-10-18,CZE1,Bohemians,Plzen,0,1,
2025-10-18,CZE1,Karvina,Olomouc,1,1,
2025-10-18,CZE1,Pardubice,Ml.Boleslav,2,1,
2025-10-18,CZE1,Teplice,Liberec,1,1,h2h
2025-10-18,CZE1,Slavia,Zlin,0,0,
2025-10-05,CZE1,Zlin,Ostrava,1,1,
2025-10-05,CZE1,Olomouc,Jablonec,2,0,
2025-10-05,CZE1,Plzen,Hradec,3,3,
2025-10-05,CZE1,Sparta,Slavia,1,1,
2025-10-04,CZE1,Dukla,Teplice,1,3,
2025-10-04,CZE1,Ml.Boleslav,Slovacko,0,0,
2025-10-04,CZE1,Pardubice,Karvina,2,1,
2025-10-04,CZE1,Liberec,Bohemians,0,0,
2025-10-01,CZE1,Pardubice,Ostrava,0,1,catchup
2025-11-22,CZE1,Dukla,Olomouc,2,2,
2025-11-22,CZE1,Ml.Boleslav,Sparta,1,2,
2025-11-22,CZE1,Pardubice,Liberec,0,4,
2025-11-22,CZE1,Teplice,Ostrava,1,0,catchup
2025-11-22,CZE1,Slavia,Bohemians,3,1,
2025-11-23,CZE1,Karvina,Hradec,4,3,
2025-11-23,CZE1,Jablonec,Plzen,3,3,
2025-11-23,CZE1,Slovacko,Zlin,2,0,
2025-11-29,CZE1,Ostrava,Dukla,3,1,
2025-11-29,CZE1,Hradec,Jablonec,2,0,
2025-11-29,CZE1,Zlin,Karvina,1,3,
2025-11-29,CZE1,Slavia,Slovacko,3,0,
2025-11-30,CZE1,Bohemians,Teplice,0,1,
2025-11-30,CZE1,Liberec,Olomouc,1,0,
2025-11-30,CZE1,Plzen,Ml.Boleslav,2,1,
2025-11-30,CZE1,Sparta,Pardubice,2,4,
2025-11-09,CZE1,Liberec,Karvina,6,0,
2025-11-09,CZE1,Olomouc,Pardubice,2,0,
2025-11-09,CZE1,Sparta,Teplice,2,2,
2025-11-09,CZE1,Plzen,Slavia,3,5,
2025-11-08,CZE1,Dukla,Ml.Boleslav,0,1,
2025-11-08,CZE1,Hradec,Slovacko,4,0,
2025-11-08,CZE1,Zlin,Bohemians,0,1,
2025-11-08,CZE1,Ostrava,Jablonec,0,1,
2025-11-02,CZE1,Ml.Boleslav,Olomouc,1,4,
2025-11-02,CZE1,Bohemians,Hradec,1,2,
2025-11-02,CZE1,Karvina,Sparta,2,1,
2025-11-02,CZE1,Teplice,Plzen,1,2,
2025-11-01,CZE1,Jablonec,Zlin,1,3,
2025-11-01,CZE1,Pardubice,Dukla,1,1,
2025-11-01,CZE1,Slovacko,Liberec,0,3,
2025-11-01,CZE1,Slavia,Ostrava,2,0,
2025-12-05,CZE1,Teplice,Slavia,1,2,
2025-12-06,CZE1,Dukla,Liberec,1,1,
2025-12-06,CZE1,Ml.Boleslav,Zlin,3,1,
2025-12-06,CZE1,Slovacko,Plzen,3,0,
2025-12-06,CZE1,Olomouc,Sparta,0,1,
2025-12-07,CZE1,Jablonec,Bohemians,1,0,
2025-12-07,CZE1,Karvina,Ostrava,0,0,
2025-12-07,CZE1,Pardubice,Hradec,1,0,
2025-12-13,CZE1,Ostrava,Pardubice,1,4,
2025-12-13,CZE1,Hradec,Ml.Boleslav,1,1,
2025-12-13,CZE1,Teplice,Slovacko,1,0,
2025-12-13,CZE1,Slavia,Jablonec,4,3,
2025-12-14,CZE1,Bohemians,Karvina,0,3,
2025-12-14,CZE1,Plzen,Dukla,2,0,
2025-12-14,CZE1,Zlin,Olomouc,5,0,
2025-12-14,CZE1,Sparta,Liberec,2,2,
2026-01-31,CZE1,Jablonec,Teplice,1,0,
2026-01-31,CZE1,Ml.Boleslav,Bohemians,2,2,
2026-01-31,CZE1,Olomouc,Hradec,1,0,
2026-01-31,CZE1,Dukla,Sparta,0,3,
2026-02-27,CZE1,Dukla,Slavia,0,2,
2026-02-28,CZE1,Ml.Boleslav,Jablonec,3,0,
2026-02-28,CZE1,Pardubice,Teplice,1,1,
2026-02-28,CZE1,Liberec,Hradec,0,1,
2026-02-28,CZE1,Sparta,Ostrava,5,2,
2026-02-21,CZE1,Hradec,Zlin,0,0,
2026-02-21,CZE1,Jablonec,Karvina,1,0,
2026-02-21,CZE1,Slovacko,Pardubice,2,0,
2026-02-21,CZE1,Slavia,Liberec,1,0,
2026-02-22,CZE1,Bohemians,Dukla,1,0,
2026-02-22,CZE1,Ostrava,Ml.Boleslav,0,0,
2026-02-22,CZE1,Teplice,Olomouc,1,3,
2026-02-22,CZE1,Plzen,Sparta,0,0,
2026-02-14,CZE1,Dukla,Zlin,0,0,
2026-02-14,CZE1,Karvina,Slavia,1,3,
2026-02-14,CZE1,Slovacko,Bohemians,1,2,
2026-02-14,CZE1,Olomouc,Plzen,1,2,
2026-02-15,CZE1,Pardubice,Jablonec,0,2,
2026-02-15,CZE1,Ml.Boleslav,Teplice,0,0,
2026-02-15,CZE1,Liberec,Ostrava,1,0,
2026-02-15,CZE1,Sparta,Hradec,2,0,
2026-02-07,CZE1,Ostrava,Olomouc,2,0,
2026-02-07,CZE1,Jablonec,Slovacko,0,0,
2026-02-07,CZE1,Teplice,Karvina,2,0,
2026-02-07,CZE1,Slavia,Ml.Boleslav,4,0,
2026-02-08,CZE1,Hradec,Dukla,3,0,
2026-02-08,CZE1,Bohemians,Pardubice,1,2,
2026-02-08,CZE1,Zlin,Sparta,0,3,
2026-02-08,CZE1,Plzen,Liberec,3,1,
2026-03-01,CZE1,Karvina,Slovacko,0,2,
2026-03-01,CZE1,Zlin,Plzen,3,0,
2026-03-01,CZE1,Olomouc,Bohemians,1,0,
2026-03-07,CZE1,Bohemians,Liberec,0,0,
2026-03-07,CZE1,Slovacko,Ml.Boleslav,2,2,
2026-03-07,CZE1,Teplice,Dukla,0,0,
2026-03-07,CZE1,Jablonec,Olomouc,1,2,
2026-03-08,CZE1,Ostrava,Zlin,6,2,
2026-03-08,CZE1,Hradec,Plzen,0,3,
2026-03-08,CZE1,Karvina,Pardubice,1,2,
2026-03-08,CZE1,Slavia,Sparta,3,1,
2026-03-14,CZE1,Dukla,Jablonec,2,0,
2026-03-14,CZE1,Hradec,Ostrava,1,0,
2026-03-14,CZE1,Ml.Boleslav,Pardubice,2,0,
2026-03-14,CZE1,Zlin,Slavia,1,3,
2026-03-15,CZE1,Liberec,Teplice,1,1,h2h
2026-03-15,CZE1,Olomouc,Karvina,2,2,
2026-03-15,CZE1,Plzen,Bohemians,2,0,
2026-03-15,CZE1,Sparta,Slovacko,5,2,
