seg,est,n,phase,res,gd,eur_frac
MIXED,0.4714285714285714,7,p2,H,3,0.9285714285714286
MIXED,-2.4125,4,p2,D,0,0.875
EUR-only,0.6875,8,p2,H,2,1.0
EUR-only,0.7,5,p2,A,-1,1.0
EUR-only,-1.85,5,p2,A,-4,1.0
EUR-only,1.9166666666666667,3,p2,H,1,1.0
EUR-only,-1.9166666666666667,3,p2,D,0,1.0
EUR-only,1.85,5,p2,H,3,1.0
EUR-only,-0.6875,8,p2,H,1,1.0
EUR-only,-0.7,5,p2,A,-5,1.0
MIXED,-0.4714285714285714,7,p2,H,1,0.9285714285714286
MIXED,2.4125,4,p2,H,3,0.875
EUR-only,-0.25,9,p2,D,0,1.0
MIXED,0.9375,4,p2,H,1,0.625
MIXED,-1.3863636363636362,4,p2,A,-4,0.875
MIXED,-0.6477272727272727,2,p2,A,-1,0.5
MIXED,-0.952020202020202,6,p2,A,-1,0.9166666666666666
MIXED,0.2727272727272727,2,p2,H,1,0.5
MIXED,-0.2727272727272727,2,p2,D,0,0.5
MIXED,0.952020202020202,6,p2,H,2,0.9166666666666666
MIXED,1.3863636363636362,4,p2,H,2,0.875
MIXED,0.6477272727272727,2,p2,A,-1,0.5
EUR-only,0.25,9,p2,A,-2,1.0
MIXED,-0.9375,4,p2,A,-1,0.625
EUR-only,-0.75,2,p2,A,-1,1.0
EUR-only,-1.5,2,p2,A,-4,1.0
EUR-only,2.0,2,p2,H,2,1.0
EUR-only,1.75,3,p2,H,1,1.0
MIXED,-0.7808441558441558,14,p3,A,-3,0.9523809523809523
EUR-only,0.8333333333333334,3,p2,H,4,1.0
EUR-only,-0.8333333333333334,3,p2,A,-2,1.0
MIXED,0.7808441558441558,14,p3,H,4,0.9523809523809523
EUR-only,-2.0,2,p2,A,-1,1.0
EUR-only,-1.75,3,p2,H,2,1.0
EUR-only,1.5,2,p2,H,2,1.0
EUR-only,0.75,2,p2,H,5,1.0
MIXED,-0.6708754208754208,9,p2,A,-1,0.7222222222222222
MIXED,-1.2636363636363637,5,p2,D,0,0.7
EUR-only,-2.9444444444444446,6,p2,A,-5,1.0
EUR-only,2.9444444444444446,6,p2,H,1,1.0
MIXED,1.2636363636363637,5,p2,H,2,0.7
MIXED,0.6708754208754208,9,p2,H,2,0.7222222222222222
MIXED,-0.02727272727272727,10,p2,A,-3,0.9
EUR-only,2.0,2,p2,D,0,1.0
EUR-only,-1.5,6,p2,H,3,1.0
EUR-only,4.5,3,p2,H,5,1.0
MIXED,2.662878787878788,4,p2,H,1,0.875
EUR-only,-2.6,5,p2,A,-4,1.0
EUR-only,2.6,5,p2,H,3,1.0
MIXED,-2.662878787878788,4,p2,A,-1,0.875
EUR-only,-4.5,3,p2,A,-1,1.0
EUR-only,1.5,6,p2,D,0,1.0
MIXED,0.02727272727272727,10,p2,H,3,0.9
EUR-only,-2.0,2,p2,H,2,1.0
EUR-only,-1.5,3,p2,H,1,1.0
MIXED,0.37878787878787884,3,p2,D,0,0.6666666666666666
MIXED,2.125,4,p2,H,1,0.75
MIXED,-0.15909090909090912,4,p2,H,1,0.5
MIXED,-0.07727272727272727,5,p2,H,1,0.7
MIXED,-2.090909090909091,2,p2,A,-3,0.75
MIXED,0.07727272727272727,5,p2,D,0,0.7
MIXED,2.090909090909091,2,p2,H,2,0.75
MIXED,0.15909090909090912,4,p2,A,-2,0.5
MIXED,-2.125,4,p2,D,0,0.75
EUR-only,1.5,3,p2,D,0,1.0
MIXED,-0.37878787878787884,3,p2,A,-1,0.6666666666666666
MIXED,1.7424242424242424,3,p2,D,0,0.8333333333333334
MIXED,-0.30113636363636365,8,p3,H,1,0.875
MIXED,-2.4,3,p3,D,0,0.6666666666666666
MIXED,-0.46060606060606063,3,p3,H,2,0.6666666666666666
MIXED,-0.06818181818181812,2,p2,D,0,0.75
MIXED,0.4606060606060607,3,p3,H,1,0.6666666666666666
MIXED,0.06818181818181812,2,p2,A,-1,0.75
MIXED,0.30113636363636365,8,p3,H,1,0.875
MIXED,2.4,3,p3,H,2,0.6666666666666666
MIXED,-1.7424242424242424,3,p2,H,1,0.8333333333333334
MIXED,1.6852272727272726,20,p3,H,1,0.95
MIXED,0.08428030303030307,8,p2,H,1,0.9375
MIXED,-0.08428030303030307,8,p2,H,4,0.9375
MIXED,-1.6852272727272726,20,p3,D,0,0.95
EUR-only,-1.25,4,p2,A,-5,1.0
MIXED,-0.36784511784511786,9,p2,H,1,0.9444444444444444
EUR-only,-1.1666666666666667,3,p2,D,0,1.0
MIXED,-0.7247474747474748,6,p2,A,-2,0.75
EUR-only,1.625,2,p2,H,2,1.0
MIXED,-0.6774891774891775,7,p2,D,0,0.7142857142857143
EUR-only,-2.25,2,p2,D,0,1.0
EUR-only,-1.3333333333333333,3,p2,D,0,1.0
EUR-only,1.1666666666666667,3,p2,H,6,1.0
MIXED,0.7247474747474748,6,p2,A,-1,0.75
EUR-only,1.25,4,p2,D,0,1.0
MIXED,0.36784511784511786,9,p2,H,2,0.9444444444444444
EUR-only,2.25,2,p2,A,-1,1.0
EUR-only,1.3333333333333333,3,p2,A,-1,1.0
EUR-only,-1.625,2,p2,A,-1,1.0
MIXED,0.6774891774891775,7,p2,A,-3,0.7142857142857143
EUR-only,-0.1,5,p2,H,1,1.0
MIXED,-2.303030303030303,6,p2,A,-2,0.8333333333333334
MIXED,-0.8644781144781145,9,p2,A,-2,0.7777777777777778
MIXED,-2.5181818181818185,5,p2,H,1,0.7
MIXED,0.8644781144781145,9,p2,A,-1,0.7777777777777778
MIXED,2.5181818181818185,5,p2,D,0,0.7
EUR-only,0.1,5,p2,D,0,1.0
MIXED,2.303030303030303,6,p2,D,0,0.8333333333333334
MIXED,0.33560606060606063,10,p2,H,1,0.95
MIXED,0.46060606060606063,5,p2,H,2,0.6
MIXED,-0.46060606060606063,5,p2,A,-1,0.6
MIXED,-0.33560606060606063,10,p2,H,2,0.95
MIXED,0.2272727272727273,12,p2,A,-1,0.875
EUR-only,4.0,2,p2,H,4,1.0
EUR-only,-4.0,2,p2,A,-1,1.0
MIXED,-2.5454545454545454,3,p3,A,-1,0.6666666666666666
MIXED,2.5454545454545454,3,p3,H,2,0.6666666666666666
MIXED,-0.44747474747474747,9,p3,H,1,0.8518518518518519
MIXED,0.44747474747474747,9,p3,D,0,0.8518518518518519
MIXED,-1.2743506493506493,14,p3,D,0,0.9285714285714286
MIXED,-1.4772727272727273,2,p2,H,1,0.5
MIXED,1.4772727272727273,2,p2,H,1,0.5
MIXED,1.2743506493506493,14,p3,A,-3,0.9285714285714286
MIXED,-1.0454545454545454,6,p3,D,0,0.9444444444444444
MIXED,-2.0,2,p3,A,-3,0.8333333333333334
MIXED,2.0,2,p3,D,0,0.8333333333333334
MIXED,1.0454545454545454,6,p3,H,3,0.9444444444444444
MIXED,0.22727272727272724,5,p3,H,1,0.8
EUR-only,0.6666666666666666,3,p3,H,2,1.0
EUR-only,-0.6666666666666666,3,p3,A,-3,1.0
MIXED,-0.2272727272727273,5,p3,D,0,0.8
EUR-only,0.7916666666666666,6,p3,H,3,1.0
EUR-only,-2.1666666666666665,3,p3,D,0,1.0
EUR-only,2.1666666666666665,3,p3,A,-4,1.0
EUR-only,-0.7916666666666666,6,p3,H,1,1.0
MIXED,-0.44747474747474747,9,p3,D,0,0.8518518518518519
MIXED,0.44747474747474747,9,p3,A,-2,0.8518518518518519
EUR-only,-0.3333333333333333,3,p2,D,0,1.0
EUR-only,0.3333333333333333,3,p2,H,1,1.0
MIXED,1.3386363636363636,4,p2,H,1,0.75
MIXED,1.7055555555555557,2,p2,H,1,0.5
MIXED,0.33409090909090916,6,p3,A,-1,0.8333333333333334
MIXED,-0.33409090909090916,6,p3,H,3,0.8333333333333334
MIXED,-1.7055555555555557,2,p2,H,2,0.5
MIXED,2.6420454545454546,3,p3,H,1,0.6666666666666666
MIXED,-0.4090909090909091,6,p3,D,0,0.9444444444444444
MIXED,-0.5814393939393939,3,p3,A,-3,0.5555555555555556
EUR-only,-0.75,2,p2,A,-1,1.0
EUR-only,0.75,2,p2,D,0,1.0
MIXED,0.4090909090909091,6,p3,H,1,0.9444444444444444
MIXED,0.5814393939393939,3,p3,H,2,0.5555555555555556
MIXED,-2.6420454545454546,3,p3,D,0,0.6666666666666666
MIXED,1.8585858585858588,3,p3,A,-1,0.8888888888888888
MIXED,-0.6393280632411067,23,p3,D,0,0.8405797101449275
MIXED,-3.022727272727273,7,p3,H,1,0.9523809523809523
MIXED,3.022727272727273,7,p3,H,2,0.9523809523809523
MIXED,-1.8585858585858588,3,p3,A,-1,0.8888888888888888
MIXED,0.6393280632411067,23,p3,H,1,0.8405797101449275
MIXED,0.6666666666666666,3,p3,A,-3,0.6666666666666666
MIXED,-0.6666666666666666,3,p3,H,1,0.6666666666666666
EUR-only,1.3333333333333333,3,p3,D,0,1.0
EUR-only,-0.75,2,p2,A,-1,1.0
EUR-only,0.75,2,p2,D,0,1.0
EUR-only,-1.3333333333333333,3,p3,D,0,1.0
MIXED,0.9318181818181819,4,p3,H,1,0.6666666666666666
MIXED,1.509090909090909,5,p3,D,0,0.9333333333333333
EUR-only,2.25,2,p2,A,-1,1.0
MIXED,-1.4318181818181819,2,p3,H,2,0.6666666666666666
MIXED,2.25,2,p3,A,-1,0.6666666666666666
MIXED,-2.25,2,p3,H,2,0.6666666666666666
EUR-only,-2.25,2,p2,H,1,1.0
MIXED,1.4318181818181819,2,p3,H,1,0.6666666666666666
MIXED,-0.9318181818181819,4,p3,D,0,0.6666666666666666
MIXED,-1.509090909090909,5,p3,D,0,0.9333333333333333
MIXED,-1.9819100091827364,11,p3,A,-4,0.9090909090909091
MIXED,1.9819100091827364,11,p3,H,1,0.9090909090909091
MIXED,-0.9954545454545455,10,p3,A,-3,0.9333333333333333
MIXED,0.9954545454545455,10,p3,D,0,0.9333333333333333
MIXED,0.9145622895622895,9,p2,D,0,0.7222222222222222
EUR-only,2.0,2,p2,A,-2,1.0
MIXED,1.3068181818181819,4,p2,H,2,0.875
MIXED,0.6818181818181819,2,p2,H,1,0.75
MIXED,-1.3068181818181819,4,p2,H,1,0.875
MIXED,-0.6818181818181819,2,p2,A,-3,0.75
MIXED,-0.9145622895622895,9,p2,A,-2,0.7222222222222222
EUR-only,-2.0,2,p2,D,0,1.0
MIXED,-0.8068181818181819,4,p2,A,-1,0.875
MIXED,0.3095238095238096,7,p3,H,3,0.8095238095238095
MIXED,3.1363636363636362,2,p2,D,0,0.75
MIXED,-0.3095238095238095,7,p3,H,1,0.8095238095238095
MIXED,-3.1363636363636362,2,p2,A,-1,0.75
MIXED,0.8068181818181819,4,p2,D,0,0.875
EUR-only,-0.25,2,p2,D,0,1.0
EUR-only,0.25,2,p2,A,-2,1.0
EUR-only,1.0,2,p2,H,4,1.0
MIXED,-1.1983471074380165,11,p2,H,3,0.8181818181818182
MIXED,0.6505681818181819,8,p2,H,1,0.9375
MIXED,-0.006060606060606081,6,p2,A,-5,0.5833333333333334
EUR-only,0.8333333333333334,3,p2,H,2,1.0
MIXED,0.006060606060606081,6,p2,H,2,0.5833333333333334
EUR-only,-0.8333333333333334,3,p2,A,-6,1.0
MIXED,-0.6505681818181819,8,p2,A,-3,0.9375
EUR-only,-1.0,2,p2,A,-2,1.0
MIXED,1.1983471074380165,11,p2,H,2,0.8181818181818182
EUR-only,-0.28703703703703703,9,p2,H,1,1.0
EUR-only,-1.25,2,p2,H,2,1.0
EUR-only,1.25,6,p2,A,-4,1.0
EUR-only,-1.0625,4,p2,H,2,1.0
EUR-only,1.1666666666666667,3,p2,H,2,1.0
EUR-only,1.0625,4,p2,D,0,1.0
EUR-only,-1.1666666666666667,3,p2,A,-3,1.0
EUR-only,-1.25,6,p2,A,-4,1.0
EUR-only,1.25,2,p2,D,0,1.0
EUR-only,0.28703703703703703,9,p2,H,1,1.0
EUR-only,-2.25,4,p2,A,-2,1.0
MIXED,2.645454545454545,3,p2,H,4,0.6666666666666666
MIXED,-2.312121212121212,3,p2,A,-2,0.6666666666666666
MIXED,0.7575757575757577,11,p2,H,2,0.8636363636363636
MIXED,-0.6767676767676768,9,p2,H,1,0.7777777777777778
MIXED,0.6767676767676768,9,p2,D,0,0.7777777777777778
MIXED,2.312121212121212,3,p2,H,4,0.6666666666666666
MIXED,-0.7575757575757577,11,p2,A,-3,0.8636363636363636
EUR-only,2.25,4,p2,H,2,1.0
MIXED,-2.645454545454545,3,p2,A,-2,0.6666666666666666
EUR-only,1.0,2,p2,A,-3,1.0
EUR-only,2.0,2,p2,H,2,1.0
EUR-only,-1.125,6,p2,H,2,1.0
EUR-only,-1.0,2,p2,H,3,1.0
EUR-only,0.6666666666666666,3,p2,D,0,1.0
EUR-only,-0.6666666666666666,3,p2,H,1,1.0
EUR-only,1.0,2,p2,A,-2,1.0
EUR-only,1.125,6,p2,D,0,1.0
EUR-only,-1.0,2,p2,A,-1,1.0
EUR-only,-2.0,2,p2,A,-1,1.0
EUR-only,-2.3333333333333335,3,p2,H,1,1.0
MIXED,-0.20454545454545453,4,p2,D,0,0.875
MIXED,1.259090909090909,5,p2,D,0,0.9
EUR-only,0.8333333333333334,3,p2,H,1,1.0
MIXED,0.9280303030303031,6,p2,H,3,0.75
MIXED,-0.9280303030303031,6,p2,A,-2,0.75
EUR-only,-0.8333333333333334,3,p2,D,0,1.0
MIXED,-1.259090909090909,5,p2,A,-1,0.9
MIXED,0.20454545454545453,4,p2,H,4,0.875
EUR-only,2.3333333333333335,3,p2,H,1,1.0
EUR-only,-4.083333333333334,2,p2,A,-3,1.0
EUR-only,0.7222222222222222,3,p2,A,-3,1.0
MIXED,2.247077922077922,14,p3,D,0,0.8809523809523809
EUR-only,0.24444444444444446,6,p2,H,2,1.0
MIXED,1.875,2,p2,H,2,0.75
EUR-only,2.986111111111111,6,p2,H,1,1.0
MIXED,-1.875,2,p2,A,-2,0.75
EUR-only,-2.986111111111111,6,p2,D,0,1.0
MIXED,-2.247077922077922,14,p3,D,0,0.8809523809523809
EUR-only,-0.24444444444444446,6,p2,H,1,1.0
EUR-only,4.083333333333334,2,p2,H,4,1.0
EUR-only,-0.7222222222222222,3,p2,A,-4,1.0
MIXED,2.140909090909091,5,p3,H,3,0.9333333333333333
MIXED,-0.7166666666666667,5,p2,A,-4,0.9
EUR-only,1.4583333333333333,6,p2,H,1,1.0
MIXED,-2.2835497835497836,3,p3,D,0,0.6666666666666666
MIXED,0.15151515151515155,2,p2,A,-3,0.5
MIXED,4.034090909090909,4,p3,H,5,0.9166666666666666
MIXED,-4.034090909090909,4,p3,D,0,0.9166666666666666
MIXED,-0.15151515151515155,2,p2,D,0,0.5
MIXED,2.2835497835497836,3,p3,H,3,0.6666666666666666
EUR-only,-1.4583333333333333,6,p2,D,0,1.0
MIXED,-2.140909090909091,5,p3,D,0,0.9333333333333333
MIXED,0.7166666666666667,5,p2,H,2,0.9
MIXED,0.6439393939393939,5,p2,H,1,0.8
MIXED,0.52,5,p3,H,2,0.9333333333333333
MIXED,0.35064935064935066,7,p2,A,-1,0.9285714285714286
EUR-only,-1.875,4,p3,A,-2,1.0
MIXED,1.6227272727272728,6,p3,H,2,0.7777777777777778
EUR-only,-1.46,5,p2,D,0,1.0
MIXED,-1.6227272727272728,6,p3,H,2,0.7777777777777778
EUR-only,1.46,5,p2,D,0,1.0
MIXED,-0.35064935064935066,7,p2,H,1,0.9285714285714286
EUR-only,1.875,4,p3,H,5,1.0
MIXED,-0.6439393939393939,5,p2,A,-1,0.8
MIXED,-0.52,5,p3,A,-5,0.9333333333333333
MIXED,-1.0681818181818181,4,p2,H,1,0.75
EUR-only,0.7222222222222222,6,p2,A,-1,1.0
EUR-only,-0.5,3,p2,A,-2,1.0
EUR-only,-1.0357142857142858,7,p2,H,1,1.0
MIXED,0.5681818181818182,12,p2,A,-3,0.8333333333333334
MIXED,-0.619753086419753,9,p2,D,0,0.9444444444444444
MIXED,0.5416666666666666,4,p2,H,1,0.625
EUR-only,0.5,3,p2,H,4,1.0
EUR-only,1.0357142857142858,7,p2,H,2,1.0
EUR-only,-0.7222222222222222,6,p2,H,2,1.0
MIXED,1.0681818181818181,4,p2,D,0,0.75
MIXED,0.619753086419753,9,p2,H,7,0.9444444444444444
MIXED,-0.5416666666666666,4,p2,D,0,0.625
MIXED,-0.5681818181818182,12,p2,H,1,0.8333333333333334
EUR-only,1.0,2,p2,A,-2,1.0
EUR-only,-1.53125,8,p2,H,3,1.0
MIXED,0.7205387205387206,9,p2,H,2,0.7777777777777778
MIXED,-0.7205387205387206,9,p2,A,-2,0.7777777777777778
EUR-only,-1.0,2,p2,D,0,1.0
EUR-only,1.53125,8,p2,D,0,1.0
EUR-only,-0.25,9,p2,D,0,1.0
EUR-only,0.25,9,p2,H,4,1.0
MIXED,0.8020833333333333,8,p2,H,1,0.875
MIXED,-0.49350649350649345,7,p3,H,3,0.6666666666666666
MIXED,0.49350649350649345,7,p3,H,1,0.6666666666666666
EUR-only,-1.25,2,p3,A,-1,1.0
EUR-only,1.25,2,p3,H,1,1.0
MIXED,3.486111111111111,6,p3,H,1,0.9444444444444444
MIXED,-3.8666666666666663,5,p3,A,-1,0.9333333333333333
MIXED,3.8666666666666663,5,p3,D,0,0.9333333333333333
MIXED,-3.486111111111111,6,p3,H,3,0.9444444444444444
MIXED,0.525,2,p3,D,0,0.8333333333333334
MIXED,-0.525,2,p3,H,1,0.8333333333333334
EUR-only,-2.75,2,p3,A,-1,1.0
EUR-only,2.75,2,p3,H,3,1.0
EUR-only,0.75,2,p3,A,-2,1.0
EUR-only,-0.75,2,p3,D,0,1.0
EUR-only,1.25,2,p3,H,1,1.0
MIXED,1.3272727272727272,2,p3,H,1,0.6666666666666666
DOM-heavy,0.5454545454545454,3,p3,A,-4,0.3333333333333333
EUR-only,-2.8333333333333335,3,p3,H,1,1.0
EUR-only,2.8333333333333335,3,p3,H,3,1.0
EUR-only,-1.25,2,p3,H,2,1.0
MIXED,-1.3272727272727274,2,p3,H,2,0.6666666666666666
DOM-heavy,-0.5454545454545454,3,p3,H,1,0.3333333333333333
MIXED,-0.6727272727272728,3,p3,A,-1,0.6666666666666666
MIXED,-0.4090909090909091,3,p3,H,1,0.6666666666666666
EUR-only,0.75,2,p3,D,0,1.0
MIXED,0.4090909090909091,3,p3,A,-3,0.6666666666666666
EUR-only,-0.75,2,p3,A,-3,1.0
MIXED,0.6727272727272728,3,p3,H,1,0.6666666666666666
MIXED,-2.803030303030303,3,p3,H,2,0.8888888888888888
MIXED,2.803030303030303,3,p3,H,3,0.8888888888888888
MIXED,-0.40909090909090906,8,p3,A,-1,0.6666666666666666
MIXED,0.6666666666666666,3,p3,H,1,0.7777777777777778
MIXED,0.40909090909090906,8,p3,A,-2,0.6666666666666666
MIXED,-0.6666666666666666,3,p3,A,-1,0.7777777777777778
MIXED,-1.3181818181818181,3,p3,A,-1,0.6666666666666666
MIXED,-1.9545454545454546,2,p3,H,3,0.6666666666666666
MIXED,1.9545454545454546,2,p3,A,-1,0.6666666666666666
MIXED,0.011111111111111134,9,p3,H,1,0.8518518518518519
EUR-only,1.5,3,p3,D,0,1.0
MIXED,0.5580808080808082,9,p3,H,1,0.9259259259259259
MIXED,-0.5580808080808081,9,p3,A,-1,0.9259259259259259
EUR-only,-1.5,3,p3,D,0,1.0
MIXED,-0.011111111111111096,9,p3,A,-2,0.8518518518518519
EUR-only,5.5,2,p3,H,3,1.0
MIXED,1.8429752066115703,11,p3,A,-1,0.8484848484848485
MIXED,-1.8429752066115703,11,p3,D,0,0.8484848484848485
EUR-only,-5.5,2,p3,A,-1,1.0
MIXED,-1.2575757575757576,3,p3,A,-2,0.6666666666666666
MIXED,1.2575757575757576,3,p3,H,1,0.6666666666666666
MIXED,-2.0625,2,p3,A,-3,0.8333333333333334
MIXED,-1.199705387205387,18,p3,A,-2,0.8333333333333334
MIXED,-0.4318181818181818,4,p3,A,-2,0.9166666666666666
EUR-only,-2.75,2,p2,A,-1,1.0
EUR-only,2.75,2,p2,H,1,1.0
MIXED,0.4318181818181818,4,p3,H,3,0.9166666666666666
MIXED,1.199705387205387,18,p3,H,3,0.8333333333333334
MIXED,2.0625,2,p3,H,1,0.8333333333333334
MIXED,-1.0858585858585859,4,p3,H,1,0.8333333333333334
EUR-only,0.27777777777777773,6,p3,H,4,1.0
MIXED,0.6136363636363635,2,p2,H,6,0.5
EUR-only,-3.1666666666666665,3,p3,D,0,1.0
EUR-only,3.1666666666666665,3,p3,D,0,1.0
EUR-only,-0.27777777777777773,6,p3,H,1,1.0
MIXED,-0.6136363636363635,2,p2,H,1,0.5
MIXED,1.0858585858585859,4,p3,H,2,0.8333333333333334
MIXED,-1.5,2,p3,H,1,0.6666666666666666
MIXED,-1.0749158249158248,6,p3,A,-3,0.6666666666666666
MIXED,1.0749158249158248,6,p3,D,0,0.6666666666666666
MIXED,1.5,2,p3,A,-2,0.6666666666666666
MIXED,0.045454545454545414,3,p3,H,1,0.6666666666666666
EUR-only,-0.5,6,p3,A,-1,1.0
MIXED,0.9215151515151515,15,p3,H,3,0.9333333333333333
MIXED,-0.9215151515151515,15,p3,H,1,0.9333333333333333
MIXED,-0.045454545454545414,3,p3,H,1,0.6666666666666666
EUR-only,0.5,6,p3,D,0,1.0
MIXED,-0.28287337662337664,8,p2,D,0,0.75
MIXED,-0.2571428571428571,14,p3,H,1,0.9523809523809523
MIXED,-0.39393939393939387,3,p2,H,1,0.8333333333333334
MIXED,3.5,2,p3,D,0,0.6666666666666666
MIXED,0.9967532467532467,2,p2,H,3,0.5
MIXED,-3.5,2,p3,A,-3,0.6666666666666666
MIXED,-0.9967532467532467,2,p2,H,2,0.5
MIXED,0.28287337662337664,8,p2,H,1,0.75
MIXED,0.2571428571428571,14,p3,A,-1,0.9523809523809523
MIXED,0.39393939393939387,3,p2,H,2,0.8333333333333334
EUR-only,2.5,3,p2,H,2,1.0
MIXED,0.09090909090909088,2,p2,H,2,0.75
MIXED,1.0845730027548208,11,p3,H,2,0.6666666666666666
MIXED,0.5763187429854097,9,p3,H,1,0.6296296296296297
EUR-only,2.0416666666666665,12,p3,H,3,1.0
EUR-only,0.20833333333333337,4,p2,D,0,1.0
MIXED,-1.0845730027548208,11,p3,H,1,0.6666666666666666
MIXED,-0.5763187429854097,9,p3,A,-2,0.6296296296296297
EUR-only,-2.0416666666666665,12,p3,A,-1,1.0
EUR-only,-0.20833333333333337,4,p2,H,6,1.0
EUR-only,-2.5,3,p2,A,-2,1.0
MIXED,-0.09090909090909088,2,p2,D,0,0.75
MIXED,-1.1763636363636363,5,p2,H,1,0.7
MIXED,0.3046536796536796,4,p2,D,0,0.5
EUR-only,1.3333333333333333,3,p2,H,1,1.0
MIXED,-0.3046536796536796,4,p2,H,3,0.5
EUR-only,-1.3333333333333333,3,p2,D,0,1.0
MIXED,1.1763636363636363,5,p2,H,3,0.7
MIXED,0.29040404040404044,6,p2,D,0,0.6666666666666666
MIXED,1.3068181818181819,4,p2,H,1,0.75
MIXED,-0.29040404040404044,6,p2,H,1,0.6666666666666666
MIXED,-1.3068181818181819,4,p2,D,0,0.75
MIXED,-0.1393939393939394,5,p2,H,3,0.8
EUR-only,-0.125,2,p2,A,-2,1.0
MIXED,-0.29545454545454547,2,p2,D,0,0.5
EUR-only,1.0833333333333333,3,p2,H,2,1.0
EUR-only,3.7,5,p2,H,2,1.0
EUR-only,0.75,2,p2,H,5,1.0
EUR-only,-1.0,4,p2,A,-2,1.0
MIXED,0.35274621212121215,16,p3,D,0,0.9166666666666666
EUR-only,1.6333333333333335,4,p2,H,1,1.0
MIXED,-0.4761363636363636,8,p2,A,-1,0.6875
EUR-only,1.25,2,p2,A,-1,1.0
MIXED,-0.75,13,p3,A,-1,0.9743589743589743
MIXED,0.19230769230769232,4,p2,D,0,0.875
MIXED,-0.14947552447552445,26,p3,D,0,0.9230769230769231
MIXED,-0.7679012345679013,9,p2,A,-2,0.9444444444444444
MIXED,-0.4659090909090909,6,p2,A,-1,0.9166666666666666
EUR-only,-2.55,4,p2,A,-2,1.0
MIXED,-0.4696969696969697,3,p2,A,-1,0.6666666666666666
MIXED,1.2828282828282829,3,p2,H,1,0.8333333333333334
EUR-only,-1.6666666666666667,3,p2,D,0,1.0
MIXED,1.2252331002331003,6,p2,H,3,0.75
EUR-only,2.3,4,p2,H,2,1.0
MIXED,-1.2828282828282829,3,p2,H,1,0.8333333333333334
EUR-only,1.6666666666666667,3,p2,H,6,1.0
MIXED,-1.2252331002331003,6,p2,H,1,0.75
EUR-only,-2.3,4,p2,A,-1,1.0
EUR-only,2.55,4,p2,H,1,1.0
MIXED,0.4696969696969697,3,p2,H,2,0.6666666666666666
MIXED,0.75,13,p3,H,1,0.9743589743589743
MIXED,-0.19230769230769232,4,p2,A,-2,0.875
MIXED,0.14947552447552445,26,p3,H,2,0.9230769230769231
MIXED,0.7679012345679013,9,p2,H,1,0.9444444444444444
MIXED,0.4659090909090909,6,p2,H,1,0.9166666666666666
EUR-only,-1.25,2,p2,D,0,1.0
MIXED,0.4761363636363636,8,p2,H,2,0.6875
EUR-only,-1.6333333333333335,4,p2,A,-1,1.0
MIXED,-0.3527462121212121,16,p3,H,1,0.9166666666666666
EUR-only,0.125,2,p2,H,1,1.0
EUR-only,-3.7,5,p2,A,-1,1.0
MIXED,0.29545454545454547,2,p2,H,2,0.5
EUR-only,-1.0833333333333333,3,p2,D,0,1.0
EUR-only,-0.75,2,p2,H,1,1.0
EUR-only,1.0,4,p2,H,2,1.0
EUR-only,-3.375,2,p2,A,-2,1.0
EUR-only,-0.8976190476190476,7,p2,A,-1,1.0
MIXED,-0.2102272727272727,4,p2,H,1,0.625
MIXED,0.7929292929292929,6,p2,D,0,0.75
EUR-only,3.375,2,p2,H,2,1.0
EUR-only,0.8976190476190476,7,p2,D,0,1.0
MIXED,0.2102272727272727,4,p2,H,2,0.625
MIXED,-0.7929292929292929,6,p2,H,2,0.75
MIXED,-1.340909090909091,5,p2,D,0,0.8
MIXED,-1.05976430976431,9,p2,D,0,0.9444444444444444
EUR-only,-0.875,4,p2,H,1,1.0
MIXED,0.7686868686868686,9,p2,A,-1,0.9444444444444444
EUR-only,0.875,4,p2,H,2,1.0
MIXED,-0.7686868686868686,9,p2,A,-3,0.9444444444444444
MIXED,1.340909090909091,5,p2,H,1,0.8
MIXED,1.05976430976431,9,p2,A,-1,0.9444444444444444
MIXED,0.6461279461279461,9,p2,D,0,0.8888888888888888
EUR-only,-1.0833333333333333,3,p2,H,1,1.0
EUR-only,1.0833333333333333,3,p2,A,-1,1.0
MIXED,-0.6461279461279461,9,p2,H,1,0.8888888888888888
MIXED,-0.5662878787878788,8,p2,A,-2,0.875
EUR-only,-1.625,4,p3,A,-2,1.0
EUR-only,1.625,4,p3,H,1,1.0
EUR-only,-1.625,2,p3,H,2,1.0
EUR-only,1.625,2,p3,H,3,1.0
MIXED,0.6704545454545454,2,p2,D,0,0.75
MIXED,-0.009090909090909089,11,p3,A,-1,0.9696969696969697
MIXED,1.3636363636363638,4,p3,H,2,0.8333333333333334
MIXED,-1.3636363636363638,4,p3,A,-1,0.8333333333333334
MIXED,-0.6704545454545454,2,p2,A,-5,0.75
MIXED,0.009090909090909089,11,p3,H,2,0.9696969696969697
DOM-heavy,-0.3745454545454545,5,p3,A,-3,0.4666666666666667
DOM-heavy,0.3745454545454545,5,p3,H,1,0.4666666666666667
MIXED,-0.9772727272727273,2,p2,D,0,0.75
MIXED,0.5727272727272728,5,p3,D,0,0.9333333333333333
MIXED,-0.5727272727272728,5,p3,D,0,0.9333333333333333
MIXED,0.9772727272727273,2,p2,H,1,0.75
EUR-only,-3.5,2,p3,A,-1,1.0
EUR-only,3.5,2,p3,H,2,1.0
EUR-only,-1.0,3,p3,H,3,1.0
EUR-only,-0.5,2,p3,D,0,1.0
MIXED,-0.2558922558922559,18,p3,A,-1,0.9629629629629629
MIXED,-0.15151515151515152,3,p2,D,0,0.6666666666666666
MIXED,0.875,4,p3,H,1,0.9166666666666666
MIXED,-0.875,4,p3,D,0,0.9166666666666666
MIXED,0.2558922558922559,18,p3,D,0,0.9629629629629629
MIXED,0.15151515151515152,3,p2,A,-1,0.6666666666666666
EUR-only,1.0,3,p3,A,-1,1.0
EUR-only,0.5,2,p3,A,-1,1.0
MIXED,-0.4375,2,p2,D,0,0.5
MIXED,0.8333333333333334,3,p3,H,1,0.8888888888888888
MIXED,-1.5647727272727274,4,p3,A,-3,0.8333333333333334
EUR-only,-0.5,2,p2,A,-3,1.0
EUR-only,0.875,2,p3,A,-3,1.0
MIXED,0.8368298368298368,13,p3,H,2,0.9230769230769231
EUR-only,-0.875,2,p3,A,-1,1.0
MIXED,-0.8368298368298368,13,p3,H,4,0.9230769230769231
MIXED,0.4375,2,p2,H,4,0.5
MIXED,-0.8333333333333334,3,p3,H,3,0.8888888888888888
MIXED,1.5647727272727274,4,p3,D,0,0.8333333333333334
EUR-only,0.5,2,p2,A,-5,1.0
EUR-only,-1.5,2,p2,H,1,1.0
MIXED,-1.9545454545454546,2,p2,D,0,0.5
MIXED,0.6944444444444444,9,p3,H,1,0.9629629629629629
MIXED,1.9545454545454546,2,p2,H,2,0.5
MIXED,-0.6944444444444444,9,p3,A,-2,0.9629629629629629
EUR-only,1.5,2,p2,A,-1,1.0
MIXED,0.35940438871473357,29,p3,H,1,0.7126436781609196
MIXED,-0.35940438871473357,29,p3,D,0,0.7126436781609196
EUR-only,-3.25,2,p2,A,-1,1.0
MIXED,-1.8116883116883116,7,p3,A,-1,0.8571428571428571
EUR-only,3.25,2,p2,H,5,1.0
MIXED,1.8116883116883116,7,p3,H,2,0.8571428571428571
MIXED,1.2,3,p2,D,0,0.8333333333333334
EUR-only,-1.5,2,p2,D,0,1.0
MIXED,0.20606060606060606,9,p3,H,2,0.9259259259259259
MIXED,-0.20606060606060606,9,p3,A,-2,0.9259259259259259
MIXED,-1.2,3,p2,H,1,0.8333333333333334
EUR-only,1.5,2,p2,H,2,1.0
MIXED,-0.375,2,p2,H,1,0.75
MIXED,0.5125,4,p2,D,0,0.75
MIXED,-0.5125,4,p2,H,1,0.75
MIXED,0.375,2,p2,A,-1,0.75
MIXED,-1.0340909090909092,4,p2,A,-1,0.875
MIXED,1.0340909090909092,4,p2,D,0,0.875
MIXED,0.75,2,p3,D,0,0.6666666666666666
MIXED,2.2755681818181817,8,p3,H,2,0.9583333333333334
MIXED,0.875,2,p3,H,4,0.6666666666666666
EUR-only,0.75,3,p3,H,1,1.0
MIXED,-0.875,2,p3,H,1,0.6666666666666666
EUR-only,-0.75,3,p3,H,3,1.0
MIXED,-0.75,2,p3,D,0,0.6666666666666666
MIXED,-2.2755681818181817,8,p3,H,1,0.9583333333333334
MIXED,-0.5375,8,p3,H,3,0.9583333333333334
MIXED,1.4318181818181819,2,p2,H,1,0.75
MIXED,0.5375,8,p3,A,-3,0.9583333333333334
MIXED,-1.4318181818181819,2,p2,A,-1,0.75
MIXED,-1.1287878787878787,6,p2,A,-1,0.9166666666666666
EUR-only,2.0,2,p2,H,6,1.0
MIXED,1.4537878787878789,6,p2,H,2,0.8333333333333334
MIXED,-1.4537878787878789,6,p2,H,2,0.8333333333333334
EUR-only,-2.0,2,p2,A,-1,1.0
MIXED,1.1287878787878787,6,p2,H,3,0.9166666666666666
MIXED,1.6136363636363638,2,p3,H,4,0.6666666666666666
MIXED,0.7307692307692307,13,p3,H,4,0.9743589743589743
MIXED,-0.7307692307692307,13,p3,A,-1,0.9743589743589743
MIXED,-1.6136363636363638,2,p3,A,-2,0.6666666666666666
MIXED,-0.575,4,p2,D,0,0.75
EUR-only,0.0,2,p2,A,-2,1.0
MIXED,0.9242424242424243,9,p3,H,1,0.7407407407407407
EUR-only,-1.25,2,p2,D,0,1.0
EUR-only,-0.75,2,p2,H,3,1.0
MIXED,4.5,2,p3,H,1,0.6666666666666666
MIXED,2.1136363636363633,2,p3,A,-2,0.6666666666666666
EUR-only,0.75,2,p2,H,1,1.0
MIXED,-4.5,2,p3,D,0,0.6666666666666666
MIXED,-2.1136363636363633,2,p3,A,-1,0.6666666666666666
MIXED,0.575,4,p2,H,2,0.75
EUR-only,0.0,2,p2,D,0,1.0
MIXED,-0.9242424242424243,9,p3,H,3,0.7407407407407407
EUR-only,1.25,2,p2,H,2,1.0
MIXED,-1.0340909090909092,4,p2,D,0,0.875
EUR-only,-3.75,2,p2,A,-4,1.0
MIXED,-0.7307692307692307,13,p3,D,0,0.9743589743589743
EUR-only,1.1666666666666667,6,p2,D,0,1.0
MIXED,-1.8116883116883116,7,p3,H,1,0.8571428571428571
MIXED,0.5153846153846153,2,p2,H,2,0.5
EUR-only,-1.1666666666666667,6,p2,A,-1,1.0
MIXED,1.8116883116883116,7,p3,H,5,0.8571428571428571
MIXED,-0.5153846153846153,2,p2,A,-2,0.5
EUR-only,3.75,2,p2,H,5,1.0
MIXED,1.0340909090909092,4,p2,H,1,0.875
MIXED,0.7307692307692307,13,p3,H,1,0.9743589743589743
MIXED,0.8595959595959596,9,p2,A,-3,0.8333333333333334
MIXED,-2.2445454545454546,10,p3,H,2,0.8666666666666667
MIXED,-0.8595959595959596,9,p2,A,-1,0.8333333333333334
MIXED,2.2445454545454546,10,p3,D,0,0.8666666666666667
EUR-only,-1.5,2,p2,D,0,1.0
MIXED,1.0727272727272728,5,p2,A,-2,0.8
EUR-only,1.5,2,p2,H,3,1.0
MIXED,-1.0727272727272728,5,p2,D,0,0.8
MIXED,1.7272727272727273,3,p2,H,3,0.6666666666666666
EUR-only,2.5833333333333335,6,p2,H,7,1.0
MIXED,-1.2104458041958042,8,p2,A,-2,0.75
MIXED,1.175,2,p2,H,1,0.5
EUR-only,-0.33333333333333337,7,p2,A,-3,1.0
EUR-only,0.75,5,p2,H,1,1.0
MIXED,-0.388888888888889,5,p3,D,0,0.6666666666666666
MIXED,1.725,4,p2,H,6,0.875
MIXED,1.2954545454545454,2,p2,H,5,0.75
EUR-only,1.0,4,p3,H,4,1.0
EUR-only,0.4,2,p2,H,2,1.0
MIXED,-2.466666666666667,3,p2,H,1,0.6666666666666666
MIXED,0.2558441558441558,7,p2,A,-1,0.8571428571428571
MIXED,0.44191919191919193,15,p3,D,0,0.9333333333333333
MIXED,-2.1647727272727275,4,p2,H,1,0.75
EUR-only,-1.3333333333333333,3,p2,H,4,1.0
MIXED,0.5227272727272727,5,p2,H,2,0.9
MIXED,3.5,4,p3,H,2,0.6666666666666666
MIXED,0.32575757575757575,7,p2,H,3,0.8571428571428571
EUR-only,-0.125,4,p3,A,-1,1.0
MIXED,-1.2580808080808081,9,p2,H,3,0.8888888888888888
EUR-only,-0.52,5,p2,A,-1,1.0
EUR-only,0.8125,4,p2,A,-2,1.0
EUR-only,0.25,2,p2,H,1,1.0
MIXED,1.939423076923077,8,p2,A,-2,0.8125
MIXED,-1.725,4,p2,H,2,0.875
MIXED,1.0075757575757576,3,p2,D,0,0.8333333333333334
MIXED,-1.16198224852071,26,p3,H,1,0.7948717948717948
EUR-only,0.25,4,p2,H,1,1.0
MIXED,-0.8602272727272727,4,p3,H,1,0.8333333333333334
EUR-only,1.1770833333333333,8,p2,A,-1,1.0
EUR-only,-1.8,2,p2,A,-3,1.0
EUR-only,3.15,2,p3,H,1,1.0
EUR-only,-2.0833333333333335,3,p2,A,-6,1.0
EUR-only,0.44166666666666665,6,p2,H,1,1.0
MIXED,-2.642857142857143,7,p3,H,1,0.6666666666666666
MIXED,-0.25252525252525254,6,p2,H,2,0.8333333333333334
EUR-only,-2.6,5,p2,D,0,1.0
EUR-only,-1.6875,4,p2,A,-3,1.0
MIXED,0.04889807162534434,11,p3,H,1,0.9393939393939394
MIXED,-0.7500000000000001,2,p2,A,-1,0.5
EUR-only,-0.16666666666666666,3,p2,D,0,1.0
MIXED,-1.6133333333333333,5,p2,A,-4,0.9
EUR-only,1.7222222222222223,9,p3,H,2,1.0
MIXED,-0.16969696969696968,5,p2,A,-1,0.8
MIXED,-1.005050505050505,9,p2,H,2,0.8888888888888888
MIXED,0.6018181818181818,10,p3,H,1,0.8
MIXED,1.7363636363636363,6,p2,H,1,0.8333333333333334
MIXED,-1.0028409090909092,8,p2,D,0,0.9375
EUR-only,0.375,6,p3,A,-1,1.0
EUR-only,-2.0833333333333335,3,p3,A,-1,1.0
EUR-only,-1.0555555555555556,6,p2,H,2,1.0
MIXED,-1.0438606438606437,37,p3,H,1,0.5585585585585585
MIXED,1.2727272727272727,4,p2,H,3,0.875
EUR-only,-2.25,2,p2,H,1,1.0
EUR-only,-2.0,2,p2,H,3,1.0
EUR-only,-0.5,2,p2,A,-1,1.0
MIXED,0.10000000000000003,2,p2,A,-1,0.5
EUR-only,-1.5,2,p2,H,1,1.0
EUR-only,-0.39583333333333337,4,p2,H,2,1.0
EUR-only,2.0833333333333335,6,p2,H,2,1.0
EUR-only,1.5,2,p3,A,-2,1.0
MIXED,0.25,4,p2,H,1,0.875
MIXED,0.6439393939393939,11,p2,A,-1,0.9545454545454546
EUR-only,-3.5,3,p2,A,-1,1.0
MIXED,-0.9848484848484849,3,p2,H,1,0.8333333333333334
MIXED,0.9848484848484849,3,p2,D,0,0.8333333333333334
EUR-only,3.5,3,p2,D,0,1.0
MIXED,-0.6439393939393939,11,p2,H,2,0.9545454545454546
MIXED,-1.16198224852071,26,p3,A,-2,0.7948717948717948
EUR-only,-1.5,2,p2,A,-6,1.0
EUR-only,-0.125,4,p2,D,0,1.0
EUR-only,0.09,5,p2,A,-1,1.0
EUR-only,-0.09,5,p2,A,-3,1.0
EUR-only,0.125,4,p2,A,-1,1.0
MIXED,1.16198224852071,26,p3,H,3,0.7948717948717948
EUR-only,1.5,2,p2,D,0,1.0
MIXED,-0.6084848484848484,5,p2,H,3,0.6
MIXED,0.38416666666666666,20,p3,H,2,0.7833333333333333
MIXED,0.16969696969696968,5,p2,H,4,0.8
MIXED,-0.3841666666666667,20,p3,H,1,0.7833333333333333
MIXED,-0.16969696969696968,5,p2,H,2,0.8
MIXED,0.6084848484848484,5,p2,A,-1,0.6
EUR-only,0.4,2,p2,A,-1,1.0
EUR-only,-0.024999999999999984,6,p3,D,0,1.0
EUR-only,0.024999999999999984,6,p3,H,1,1.0
EUR-only,-0.4,2,p2,H,1,1.0
MIXED,0.7424242424242425,3,p3,H,4,0.8888888888888888
EUR-only,-1.5625,4,p3,A,-2,1.0
MIXED,-0.7727272727272727,4,p3,D,0,0.9166666666666666
MIXED,0.02380952380952382,7,p3,H,4,0.6666666666666666
MIXED,-1.625,2,p3,A,-2,0.8333333333333334
EUR-only,1.5625,4,p3,H,5,1.0
MIXED,1.625,2,p3,H,2,0.8333333333333334
MIXED,-0.7424242424242425,3,p3,A,-2,0.8888888888888888
MIXED,-0.02380952380952382,7,p3,A,-3,0.6666666666666666
MIXED,0.7727272727272727,4,p3,A,-1,0.9166666666666666
EUR-only,-2.375,4,p3,D,0,1.0
MIXED,-0.6893939393939394,3,p3,D,0,0.5555555555555556
MIXED,0.7972222222222222,10,p3,H,1,0.6666666666666666
EUR-only,1.0625,4,p2,H,2,1.0
MIXED,0.125,2,p3,H,2,0.6666666666666666
MIXED,-0.125,2,p3,D,0,0.6666666666666666
MIXED,-0.7972222222222222,10,p3,D,0,0.6666666666666666
EUR-only,2.375,4,p3,A,-1,1.0
MIXED,0.6893939393939394,3,p3,A,-1,0.5555555555555556
EUR-only,-1.0625,4,p2,A,-1,1.0
MIXED,0.39930069930069934,23,p3,H,1,0.9420289855072463
MIXED,2.25,2,p2,H,2,0.75
EUR-only,1.0,2,p2,D,0,1.0
MIXED,0.2159090909090909,10,p3,A,-2,0.9
EUR-only,-0.25,2,p2,A,-2,1.0
MIXED,-0.2159090909090909,10,p3,H,2,0.9
EUR-only,0.25,2,p2,D,0,1.0
EUR-only,-1.0,2,p2,H,1,1.0
MIXED,-0.39930069930069934,23,p3,H,2,0.9420289855072463
MIXED,-2.25,2,p2,H,1,0.75
EUR-only,0.875,4,p3,A,-1,1.0
MIXED,-1.1363636363636362,5,p3,H,1,0.9333333333333333
MIXED,2.48989898989899,9,p3,H,2,0.9629629629629629
MIXED,0.975,4,p3,H,3,0.8333333333333334
EUR-only,-1.125,4,p2,H,1,1.0
EUR-only,-2.5,2,p3,H,2,1.0
MIXED,-1.7545454545454546,3,p3,A,-2,0.5555555555555556
MIXED,-0.9007936507936508,3,p3,H,2,0.6666666666666666
DOM-heavy,0.09999999999999995,2,p3,A,-1,0.3333333333333333
EUR-only,-0.25,2,p3,A,-3,1.0
MIXED,0.08333333333333333,3,p2,H,1,0.8333333333333334
EUR-only,-0.25,2,p3,H,1,1.0
MIXED,-1.25,2,p3,H,1,0.6666666666666666
MIXED,0.25,3,p3,A,-1,0.6666666666666666
MIXED,2.5,2,p3,H,1,0.6666666666666666
MIXED,-0.11249999999999999,8,p3,A,-3,0.9166666666666666
MIXED,1.5,2,p2,D,0,0.75
EUR-only,-1.5,3,p3,H,2,1.0
MIXED,0.9742939600082456,21,p3,H,7,0.7936507936507936
MIXED,0.9166666666666666,3,p3,A,-1,0.8888888888888888
EUR-only,-1.1785714285714286,7,p3,D,0,1.0
MIXED,-1.5,2,p3,A,-1,0.6666666666666666
MIXED,-0.5555555555555556,3,p2,H,3,0.6666666666666666
MIXED,-0.15151515151515152,6,p3,H,2,0.8888888888888888
MIXED,2.659090909090909,2,p3,H,4,0.5
EUR-only,2.5,3,p2,H,1,1.0
MIXED,1.6,4,p3,H,1,0.6666666666666666
MIXED,-0.48011363636363635,8,p3,H,3,0.9583333333333334
MIXED,-0.955128205128205,3,p3,D,0,0.6666666666666666
MIXED,0.0,3,p2,A,-1,0.8333333333333334
MIXED,-0.5147058823529411,17,p3,A,-3,0.9607843137254902
MIXED,0.5147058823529411,17,p3,A,-1,0.9607843137254902
MIXED,0.0,3,p2,A,-1,0.8333333333333334
EUR-only,-1.5625,4,p2,A,-1,1.0
MIXED,-0.050000000000000044,2,p3,H,1,0.8333333333333334
EUR-only,1.5625,4,p2,H,1,1.0
MIXED,0.050000000000000044,2,p3,H,2,0.8333333333333334
MIXED,1.6136363636363638,2,p2,H,1,0.75
MIXED,-1.6136363636363638,2,p2,D,0,0.75
EUR-only,-0.25,2,p2,A,-3,1.0
MIXED,2.0,2,p3,A,-3,0.6666666666666666
MIXED,-2.0,2,p3,H,1,0.6666666666666666
MIXED,2.3666666666666667,3,p3,H,1,0.6666666666666666
MIXED,-2.3666666666666667,3,p3,A,-1,0.6666666666666666
MIXED,-0.34375,2,p3,H,2,0.6666666666666666
MIXED,-2.6,5,p3,A,-2,0.6666666666666666
MIXED,0.5,3,p2,A,-1,0.8333333333333334
MIXED,3.0683857808857806,12,p3,H,2,0.8611111111111112
MIXED,-0.5,3,p2,H,1,0.8333333333333334
MIXED,0.34375,2,p3,D,0,0.6666666666666666
MIXED,-3.0683857808857806,12,p3,H,1,0.8611111111111112
MIXED,2.6,5,p3,H,3,0.6666666666666666
EUR-only,-1.5,2,p2,H,1,1.0
MIXED,1.2131313131313133,11,p3,D,0,0.6666666666666666
EUR-only,-1.875,4,p2,A,-2,1.0
EUR-only,1.0,3,p2,H,2,1.0
EUR-only,-0.25,2,p2,A,-3,1.0
MIXED,0.9828088578088577,12,p3,H,1,0.8888888888888888
EUR-only,4.833333333333333,3,p2,H,4,1.0
MIXED,2.6136363636363638,2,p3,H,1,0.6666666666666666
EUR-only,0.875,4,p2,H,2,1.0
EUR-only,1.75,2,p2,H,3,1.0
MIXED,-0.8699999999999999,5,p2,D,0,0.9
EUR-only,3.28125,8,p3,H,3,1.0
MIXED,-0.329004329004329,19,p3,A,-2,0.9473684210526315
EUR-only,-3.75,2,p2,A,-1,1.0
MIXED,1.5,2,p2,A,-1,0.75
MIXED,0.125,4,p3,H,2,0.9166666666666666
MIXED,-1.4090909090909092,4,p3,D,0,0.9166666666666666
EUR-only,-1.0625,4,p2,A,-3,1.0
EUR-only,-0.5,3,p2,D,0,1.0
MIXED,2.9934065934065934,5,p3,A,-1,0.8666666666666667
MIXED,-0.06666666666666668,9,p3,D,0,0.9259259259259259
MIXED,-1.25,2,p2,A,-2,0.75
MIXED,0.2477777777777778,5,p3,D,0,0.6
MIXED,-3.1196969696969696,3,p3,H,1,0.5555555555555556
MIXED,1.3106060606060608,6,p3,A,-1,0.6666666666666666
MIXED,2.1363636363636362,3,p2,H,1,0.5
MIXED,2.348484848484848,3,p3,H,1,0.8888888888888888
EUR-only,-0.75,2,p2,H,1,1.0
MIXED,0.030303030303030276,3,p3,H,4,0.8888888888888888
EUR-only,1.8333333333333333,6,p3,H,2,1.0
MIXED,0.5227272727272727,2,p2,D,0,0.75
MIXED,3.5081168831168834,14,p3,A,-1,0.9523809523809523
MIXED,-1.2580213903743316,17,p3,A,-1,0.9019607843137255
MIXED,-0.07222222222222219,2,p2,A,-2,0.5
MIXED,0.07142857142857142,7,p3,H,1,0.9523809523809523
EUR-only,0.0,3,p2,H,1,1.0
EUR-only,-1.3333333333333333,3,p2,D,0,1.0
EUR-only,-1.375,2,p2,D,0,1.0
EUR-only,0.75,2,p2,H,1,1.0
MIXED,0.4184491978609626,17,p3,A,-1,0.9803921568627451
MIXED,-1.6805555555555556,2,p3,D,0,0.6666666666666666
EUR-only,1.1666666666666667,3,p2,H,2,1.0
EUR-only,-1.25,2,p2,H,1,1.0
MIXED,0.41477272727272724,20,p3,H,2,0.8
EUR-only,0.625,2,p2,A,-4,1.0
MIXED,-1.0512987012987014,14,p3,H,1,0.8095238095238095
MIXED,-0.2916666666666667,6,p3,D,0,0.9444444444444444
MIXED,-0.9807692307692308,2,p3,D,0,0.8333333333333334
EUR-only,0.875,2,p2,A,-1,1.0
MIXED,-1.5568181818181819,18,p3,A,-3,0.9814814814814815
EUR-only,-1.75,2,p3,A,-2,1.0
MIXED,0.6538461538461539,3,p2,D,0,0.8333333333333334
MIXED,1.1704545454545454,4,p2,H,2,0.75
EUR-only,-0.25,2,p2,A,-1,1.0
MIXED,-1.2592592592592593,3,p3,A,-1,0.6666666666666666
DOM-heavy,0.13264860139860135,8,p3,H,3,0.4583333333333333
MIXED,1.435032894736842,16,p3,H,5,0.9583333333333334
MIXED,-1.6616161616161618,9,p3,D,0,0.9629629629629629
EUR-only,-3.0,2,p2,A,-1,1.0
EUR-only,-0.25,4,p2,D,0,1.0
EUR-only,-1.5,2,p2,H,2,1.0
MIXED,-0.31195367132867136,16,p3,A,-1,0.875
MIXED,0.8472727272727273,5,p2,A,-2,0.8
EUR-only,1.6666666666666667,3,p3,H,1,1.0
MIXED,1.1353535353535353,15,p3,H,3,0.8222222222222222
EUR-only,-1.25,2,p2,H,1,1.0
EUR-only,1.0,3,p2,H,1,1.0
MIXED,1.0511363636363638,4,p2,D,0,0.875
EUR-only,1.5,4,p2,A,-1,1.0
MIXED,-1.0478468899521531,19,p3,D,0,0.9473684210526315
MIXED,-0.44545454545454544,7,p2,H,1,0.7142857142857143
MIXED,-0.9074074074074074,3,p3,A,-1,0.6666666666666666
MIXED,0.7234848484848485,6,p3,A,-1,0.9444444444444444
EUR-only,-0.25,2,p2,H,2,1.0
MIXED,-0.7650786713286714,8,p3,H,2,0.875
EUR-only,3.0,3,p2,H,2,1.0
EUR-only,1.25,2,p2,H,1,1.0
EUR-only,-1.0,2,p2,H,2,1.0
MIXED,-0.18878860374075684,22,p3,H,2,0.9242424242424242
MIXED,0.48863636363636354,4,p3,H,1,0.6666666666666666
EUR-only,-1.25,2,p2,A,-2,1.0
MIXED,-0.5454545454545455,3,p3,H,1,0.6666666666666666
EUR-only,-1.6666666666666667,3,p2,H,1,1.0
MIXED,-0.27272727272727276,3,p2,H,2,0.8333333333333334
MIXED,-0.09090909090909094,2,p2,H,1,0.75
EUR-only,-3.25,2,p2,A,-1,1.0
MIXED,-0.5928571428571429,14,p3,H,1,0.8809523809523809
EUR-only,1.25,2,p2,H,2,1.0
EUR-only,-0.0625,4,p2,H,3,1.0
MIXED,2.970779220779221,14,p3,D,0,0.9761904761904762
MIXED,0.9242424242424242,3,p3,H,1,0.8888888888888888
MIXED,-0.6794871794871794,3,p3,A,-1,0.8888888888888888
MIXED,-1.4621212121212122,4,p3,A,-2,0.8333333333333334
EUR-only,-1.4642857142857142,7,p3,D,0,1.0
EUR-only,1.375,2,p2,A,-2,1.0
EUR-only,0.25,2,p2,H,1,1.0
MIXED,-0.48888888888888893,3,p2,H,1,0.5
MIXED,2.9934065934065934,5,p3,A,-1,0.8666666666666667
MIXED,0.8604895104895105,5,p2,D,0,0.7
MIXED,0.48888888888888893,3,p2,H,3,0.5
MIXED,-2.9934065934065934,5,p3,H,2,0.8666666666666667
MIXED,-0.8604895104895105,5,p2,H,1,0.7
EUR-only,-1.375,2,p2,A,-1,1.0
EUR-only,-0.25,2,p2,H,3,1.0
EUR-only,-1.25,4,p2,D,0,1.0
EUR-only,0.16666666666666666,3,p2,A,-2,1.0
EUR-only,-1.25,2,p2,H,3,1.0
EUR-only,0.875,4,p2,A,-1,1.0
EUR-only,1.25,2,p2,H,1,1.0
EUR-only,-0.875,4,p2,H,3,1.0
EUR-only,1.25,4,p2,H,3,1.0
EUR-only,-0.16666666666666666,3,p2,H,1,1.0
EUR-only,0.0,2,p2,H,2,1.0
EUR-only,0.0,4,p2,D,0,1.0
EUR-only,-1.5,2,p2,D,0,1.0
EUR-only,0.0,4,p2,A,-1,1.0
EUR-only,0.0,2,p2,A,-1,1.0
EUR-only,1.5,2,p2,H,1,1.0
MIXED,0.29827231591937475,17,p3,H,2,0.9019607843137255
MIXED,-0.29827231591937475,17,p3,A,-2,0.9019607843137255
MIXED,1.0,2,p3,A,-1,0.6666666666666666
MIXED,-1.0,2,p3,A,-1,0.6666666666666666
MIXED,-1.75,2,p3,A,-2,0.5
MIXED,-0.6153846153846154,4,p3,H,2,0.9166666666666666
MIXED,4.65,4,p3,H,1,0.5833333333333334
MIXED,0.6153846153846154,4,p3,H,1,0.9166666666666666
MIXED,1.75,2,p3,H,1,0.5
MIXED,-4.65,4,p3,A,-2,0.5833333333333334
MIXED,-0.9381818181818182,10,p3,A,-1,0.9
MIXED,-0.45,5,p3,A,-1,0.6666666666666666
MIXED,0.45,5,p3,H,1,0.6666666666666666
MIXED,0.9381818181818182,10,p3,H,1,0.9
MIXED,-0.9545454545454546,2,p3,D,0,0.8333333333333334
MIXED,-0.16666666666666666,3,p3,H,4,0.6666666666666666
EUR-only,0.25,2,p2,D,0,1.0
MIXED,0.6363636363636365,2,p3,H,1,0.6666666666666666
MIXED,0.16666666666666666,3,p3,A,-1,0.6666666666666666
EUR-only,-0.25,2,p2,H,4,1.0
MIXED,0.9545454545454546,2,p3,H,1,0.8333333333333334
MIXED,-0.6363636363636365,2,p3,D,0,0.6666666666666666
MIXED,-0.3353994490358127,11,p2,D,0,0.9545454545454546
EUR-only,0.1333333333333333,5,p2,H,1,1.0
MIXED,1.334280303030303,4,p2,H,1,0.875
EUR-only,0.6,5,p2,D,0,1.0
MIXED,1.069023569023569,9,p2,H,1,0.9444444444444444
EUR-only,1.15,5,p2,H,4,1.0
MIXED,0.8806818181818181,8,p2,H,2,0.875
EUR-only,-0.2777777777777777,3,p2,H,3,1.0
EUR-only,0.125,2,p2,A,-1,1.0
MIXED,0.10479797979797967,3,p2,H,2,0.6666666666666666
MIXED,0.22159090909090912,8,p2,H,4,0.875
EUR-only,2.0,2,p2,H,1,1.0
MIXED,-3.6103896103896105,3,p3,A,-5,0.7777777777777778
EUR-only,-4.0,2,p2,H,1,1.0
MIXED,0.8830981131871225,68,p3,H,4,0.9558823529411765
MIXED,0.21000000000000002,10,p2,H,4,0.95
EUR-only,-1.4166666666666667,4,p2,D,0,1.0
MIXED,-3.438286713286713,13,p3,A,-4,0.8717948717948718
EUR-only,-1.5,2,p2,H,1,1.0
MIXED,1.6875,2,p2,H,3,0.75
EUR-only,2.0,2,p2,H,3,1.0
MIXED,-1.2555555555555555,9,p2,A,-1,0.8888888888888888
EUR-only,-0.9166666666666667,2,p2,D,0,1.0
EUR-only,-2.0,2,p2,D,0,1.0
MIXED,-0.009090909090909084,5,p2,D,0,0.7
MIXED,0.8508660879350536,29,p3,H,1,0.8505747126436781
EUR-only,-1.5,3,p2,A,-2,1.0
EUR-only,-1.957142857142857,7,p2,A,-5,1.0
MIXED,-0.7594696969696969,6,p2,A,-2,0.8333333333333334
MIXED,0.922077922077922,7,p2,H,4,0.8571428571428571
MIXED,0.23019480519480512,14,p3,H,3,0.9761904761904762
MIXED,-0.2803030303030303,2,p2,H,4,0.75
MIXED,-0.3917748917748917,7,p2,H,2,0.9285714285714286
EUR-only,-1.1,5,p2,A,-4,1.0
EUR-only,-0.5,2,p2,D,0,1.0
EUR-only,2.2041666666666666,8,p2,H,4,1.0
MIXED,0.7181818181818181,5,p2,H,4,0.8
MIXED,0.7578671328671328,13,p2,H,1,0.7307692307692307
MIXED,-1.339088160516732,63,p3,A,-3,0.8888888888888888
MIXED,1.1818181818181819,4,p2,D,0,0.875
EUR-only,0.06666666666666667,5,p2,D,0,1.0
EUR-only,-0.25,2,p2,H,4,1.0
EUR-only,-0.29166666666666663,4,p2,A,-1,1.0
EUR-only,0.07222222222222222,9,p2,A,-1,1.0
MIXED,0.3023989898989899,12,p2,H,1,0.8333333333333334
MIXED,-1.7963840081487141,17,p3,H,1,0.8431372549019608
EUR-only,0.3472222222222222,9,p2,H,3,1.0
EUR-only,-1.0,7,p2,D,0,1.0
EUR-only,-1.2,5,p2,A,-1,1.0
MIXED,0.244949494949495,6,p2,A,-3,0.8333333333333334
MIXED,1.3418803418803418,6,p3,H,2,0.9444444444444444
MIXED,-0.39371657754010697,34,p3,A,-2,0.9509803921568627
MIXED,0.23863636363636362,4,p2,H,4,0.625
EUR-only,0.7,5,p2,A,-2,1.0
MIXED,-0.08333333333333333,3,p2,A,-1,0.8333333333333334
MIXED,0.2159090909090909,10,p3,H,1,0.9666666666666667
MIXED,-0.3,5,p2,D,0,0.9
MIXED,0.1727272727272727,5,p2,H,3,0.8
MIXED,-1.2666666666666666,6,p3,D,0,0.8888888888888888
EUR-only,0.5357142857142857,7,p3,H,1,1.0
MIXED,-0.2878787878787879,3,p2,A,-3,0.8333333333333334
EUR-only,0.5,2,p2,H,2,1.0
EUR-only,2.375,4,p2,H,3,1.0
MIXED,-0.975,8,p2,H,2,0.9375
EUR-only,0.8333333333333334,9,p2,H,1,1.0
EUR-only,0.0,2,p2,H,2,1.0
EUR-only,2.375,4,p2,H,1,1.0
EUR-only,0.3333333333333333,3,p2,A,-1,1.0
EUR-only,0.5833333333333334,6,p2,H,3,1.0
MIXED,-0.15909090909090917,2,p2,H,1,0.75
MIXED,0.2954545454545454,2,p2,H,1,0.75
MIXED,-2.3838383838383836,6,p2,A,-1,0.9166666666666666
MIXED,0.7323232323232324,3,p2,A,-1,0.8333333333333334
EUR-only,1.0333333333333334,5,p2,D,0,1.0
MIXED,-1.3541666666666667,8,p2,A,-3,0.9375
MIXED,0.4696969696969697,2,p2,H,2,0.75
MIXED,-0.017676767676767687,9,p2,A,-1,0.9444444444444444
EUR-only,-1.7,5,p3,A,-3,1.0
EUR-only,-1.875,4,p2,H,2,1.0
EUR-only,-1.125,4,p2,H,2,1.0
EUR-only,-1.0416666666666667,6,p2,H,1,1.0
EUR-only,-0.6428571428571429,7,p2,A,-1,1.0
MIXED,-1.4292797072208836,51,p3,D,0,0.8431372549019608
MIXED,0.0,2,p2,H,5,0.75
EUR-only,-1.3333333333333333,3,p2,A,-2,1.0
EUR-only,-1.5,4,p2,D,0,1.0
EUR-only,-1.85,5,p2,A,-3,1.0
MIXED,-1.0,2,p2,A,-2,0.75
MIXED,2.4854166666666666,8,p3,A,-1,0.9583333333333334
EUR-only,0.5,2,p2,H,3,1.0
EUR-only,2.3333333333333335,3,p2,H,1,1.0
MIXED,0.8072727272727274,5,p2,H,3,0.9
EUR-only,3.45,5,p2,H,2,1.0
EUR-only,-2.75,2,p2,H,3,1.0
EUR-only,2.642857142857143,7,p3,H,1,1.0
EUR-only,-0.1,5,p2,H,3,1.0
EUR-only,-0.08333333333333333,6,p2,A,-2,1.0
MIXED,0.0666666666666667,5,p2,D,0,0.9
EUR-only,0.625,4,p2,A,-1,1.0
EUR-only,-0.25,8,p3,A,-1,1.0
EUR-only,1.5,2,p2,D,0,1.0
EUR-only,-2.2666666666666666,3,p2,A,-1,1.0
MIXED,-0.30979020979020977,5,p2,A,-1,0.7
MIXED,-1.0833333333333333,4,p2,H,2,0.875
EUR-only,0.8125,4,p2,A,-2,1.0
EUR-only,-1.8333333333333333,3,p2,H,3,1.0
MIXED,-1.0833333333333333,4,p2,A,-1,0.875
EUR-only,-2.6875,4,p2,A,-1,1.0
EUR-only,0.5,6,p2,H,2,1.0
EUR-only,-1.8125,8,p2,D,0,1.0
EUR-only,-3.75,2,p2,H,2,1.0
EUR-only,1.8125,8,p2,H,3,1.0
EUR-only,3.75,2,p2,A,-1,1.0
EUR-only,-0.5,6,p2,H,3,1.0
MIXED,1.0833333333333333,4,p2,H,1,0.875
EUR-only,2.6875,4,p2,D,0,1.0
EUR-only,1.8333333333333333,3,p2,H,1,1.0
EUR-only,-4.0,2,p2,H,1,1.0
EUR-only,-0.82,5,p2,A,-5,1.0
EUR-only,0.125,2,p2,D,0,1.0
EUR-only,0.0,2,p2,H,3,1.0
MIXED,-1.1212121212121213,3,p2,D,0,0.8333333333333334
MIXED,-0.3888888888888889,9,p2,H,3,0.8333333333333334
MIXED,-0.017676767676767687,9,p2,H,3,0.9444444444444444
EUR-only,0.75,2,p2,H,3,1.0
EUR-only,-0.75,2,p2,H,5,1.0
MIXED,0.3888888888888889,9,p2,A,-3,0.8333333333333334
MIXED,0.017676767676767687,9,p2,A,-1,0.9444444444444444
MIXED,1.1212121212121213,3,p2,H,2,0.8333333333333334
EUR-only,-0.125,2,p2,H,5,1.0
EUR-only,4.0,2,p2,H,4,1.0
EUR-only,0.82,5,p2,H,3,1.0
EUR-only,0.0,2,p2,H,1,1.0
MIXED,-0.34031986531986536,9,p2,A,-1,0.8888888888888888
MIXED,-0.5210437710437711,9,p2,H,2,0.8888888888888888
MIXED,0.5210437710437711,9,p2,A,-2,0.8888888888888888
MIXED,0.34031986531986536,9,p2,H,1,0.8888888888888888
EUR-only,0.07222222222222222,9,p2,H,1,1.0
MIXED,-0.922077922077922,7,p2,D,0,0.8571428571428571
MIXED,0.922077922077922,7,p2,H,1,0.8571428571428571
EUR-only,-0.07222222222222222,9,p2,D,0,1.0
MIXED,0.2920454545454545,8,p2,H,1,0.875
MIXED,-9.045454545454545,2,p3,H,1,0.5
EUR-only,1.5833333333333333,3,p3,D,0,1.0
MIXED,-0.75,4,p3,A,-1,0.9166666666666666
EUR-only,0.8333333333333334,2,p2,H,1,1.0
EUR-only,-1.5833333333333333,3,p3,H,2,1.0
MIXED,0.75,4,p3,H,1,0.9166666666666666
MIXED,9.045454545454545,2,p3,D,0,0.5
EUR-only,-0.8333333333333334,2,p2,D,0,1.0
EUR-only,-2.9226190476190474,14,p3,A,-1,1.0
MIXED,-0.9592903828197945,17,p3,A,-1,0.8823529411764706
EUR-only,-1.25,2,p2,A,-3,1.0
MIXED,-0.7008907004830918,24,p3,D,0,0.8888888888888888
MIXED,0.5,2,p2,A,-1,0.75
MIXED,-0.056818181818181816,11,p3,H,4,0.7575757575757576
MIXED,4.4,5,p3,H,6,0.9333333333333333
MIXED,-2.2083333333333335,3,p3,A,-3,0.8888888888888888
MIXED,-2.0183823529411766,4,p3,A,-3,0.75
EUR-only,2.9226190476190474,14,p3,H,4,1.0
MIXED,0.056818181818181816,11,p3,D,0,0.7575757575757576
MIXED,2.0183823529411766,4,p3,H,1,0.75
EUR-only,1.25,2,p2,H,1,1.0
MIXED,0.7008907004830918,24,p3,A,-1,0.8888888888888888
MIXED,0.9592903828197945,17,p3,H,1,0.8823529411764706
MIXED,-4.4,5,p3,A,-1,0.9333333333333333
MIXED,2.2083333333333335,3,p3,D,0,0.8888888888888888
MIXED,-0.5,2,p2,A,-2,0.75
EUR-only,-0.5,3,p2,D,0,1.0
MIXED,-0.3333333333333333,6,p2,H,3,0.8333333333333334
EUR-only,-0.3333333333333333,3,p2,A,-1,1.0
EUR-only,-0.14285714285714285,7,p2,D,0,1.0
EUR-only,-0.25,2,p2,A,-2,1.0
MIXED,0.9958333333333333,4,p2,H,1,0.75
EUR-only,0.5,3,p2,H,5,1.0
MIXED,0.3333333333333333,6,p2,H,1,0.8333333333333334
MIXED,-0.9958333333333333,4,p2,H,3,0.75
EUR-only,0.3333333333333333,3,p2,H,1,1.0
EUR-only,0.14285714285714285,7,p2,H,3,1.0
EUR-only,0.25,2,p2,D,0,1.0
EUR-only,1.375,4,p2,A,-2,1.0
MIXED,0.7563131313131313,18,p3,A,-1,0.7962962962962963
MIXED,1.7399999999999998,5,p2,A,-2,0.9
EUR-only,1.0,3,p2,H,5,1.0
EUR-only,1.6875,4,p3,D,0,1.0
EUR-only,-0.625,2,p2,D,0,1.0
EUR-only,-1.6875,4,p3,H,1,1.0
MIXED,-0.7563131313131313,18,p3,D,0,0.7962962962962963
EUR-only,-1.0,3,p2,H,1,1.0
EUR-only,-1.375,4,p2,A,-1,1.0
EUR-only,0.625,2,p2,H,1,1.0
MIXED,-1.7399999999999998,5,p2,H,6,0.9
MIXED,-1.3125,2,p3,A,-1,0.5
DOM-heavy,-0.25,2,p3,D,0,0.3333333333333333
MIXED,-1.2291666666666665,2,p2,D,0,0.5
MIXED,1.2291666666666665,2,p2,A,-2,0.5
DOM-heavy,0.25,2,p3,H,2,0.3333333333333333
MIXED,1.3125,2,p3,H,8,0.5
MIXED,-0.75,2,p3,A,-1,0.8333333333333334
MIXED,-1.0104166666666667,8,p3,H,1,0.625
MIXED,-0.6666666666666666,3,p3,A,-2,0.6666666666666666
EUR-only,-0.125,4,p3,H,1,1.0
MIXED,-2.35,2,p2,H,1,0.5
EUR-only,-2.5,2,p3,A,-2,1.0
MIXED,0.75,2,p3,H,1,0.8333333333333334
MIXED,0.6666666666666666,3,p3,H,3,0.6666666666666666
EUR-only,0.125,4,p3,D,0,1.0
MIXED,1.0104166666666667,8,p3,A,-2,0.625
MIXED,2.35,2,p2,H,2,0.5
EUR-only,2.5,2,p3,H,1,1.0
MIXED,1.625,3,p3,D,0,0.8888888888888888
MIXED,-1.3125,2,p2,A,-4,0.5
DOM-heavy,0.6590909090909092,2,p3,D,0,0.3333333333333333
MIXED,2.375,2,p3,H,1,0.6666666666666666
MIXED,0.05050505050505046,3,p3,A,-2,0.6666666666666666
DOM-heavy,1.4107142857142858,2,p3,H,3,0.3333333333333333
EUR-only,1.0,2,p2,H,3,1.0
EUR-only,4.0,2,p2,H,3,1.0
MIXED,-2.8472222222222223,4,p3,H,3,0.5
EUR-only,-2.1666666666666665,3,p3,H,3,1.0
MIXED,2.2294372294372296,3,p3,D,0,0.6666666666666666
MIXED,-2.190909090909091,5,p3,A,-1,0.8666666666666667
MIXED,0.5485380116959064,5,p3,A,-2,0.6
MIXED,-0.05050505050505046,3,p3,D,0,0.6666666666666666
DOM-heavy,-1.4107142857142858,2,p3,A,-1,0.3333333333333333
EUR-only,-4.0,2,p2,D,0,1.0
MIXED,1.3125,2,p2,H,5,0.5
MIXED,2.8472222222222223,4,p3,H,1,0.5
DOM-heavy,-0.6590909090909092,2,p3,A,-1,0.3333333333333333
EUR-only,-1.0,2,p2,A,-1,1.0
EUR-only,2.1666666666666665,3,p3,H,4,1.0
MIXED,-1.625,3,p3,H,2,0.8888888888888888
MIXED,2.190909090909091,5,p3,A,-2,0.8666666666666667
MIXED,-2.2294372294372296,3,p3,A,-1,0.6666666666666666
MIXED,-0.5485380116959064,5,p3,A,-1,0.6
MIXED,-2.375,2,p3,D,0,0.6666666666666666
EUR-only,-4.5,4,p3,H,1,1.0
MIXED,-0.16666666666666666,4,p3,H,1,0.6666666666666666
MIXED,0.14266798418972332,10,p3,H,5,0.8333333333333334
MIXED,-0.5555555555555556,10,p3,H,1,0.8333333333333334
MIXED,1.6666666666666667,3,p3,H,1,0.8888888888888888
MIXED,1.2150297619047619,16,p3,A,-3,0.8541666666666666
EUR-only,-0.75,2,p2,D,0,1.0
MIXED,2.122895622895623,9,p3,D,0,0.9629629629629629
MIXED,-0.4360119047619048,12,p3,H,1,0.7777777777777778
MIXED,-2.2795454545454548,15,p3,A,-3,0.5777777777777777
MIXED,2.25,2,p3,H,2,0.6666666666666666
MIXED,-1.7725146198830408,5,p3,A,-1,0.6666666666666666
MIXED,-2.25,2,p3,H,1,0.6666666666666666
MIXED,-1.2150297619047619,16,p3,H,1,0.8541666666666666
MIXED,0.5555555555555556,10,p3,H,1,0.8333333333333334
EUR-only,4.5,4,p3,D,0,1.0
MIXED,0.16666666666666666,4,p3,H,2,0.6666666666666666
MIXED,-0.14266798418972332,10,p3,H,1,0.8333333333333334
MIXED,-2.122895622895623,9,p3,H,2,0.9629629629629629
MIXED,0.4360119047619048,12,p3,A,-2,0.7777777777777778
MIXED,2.2795454545454548,15,p3,H,1,0.5777777777777777
MIXED,-1.6666666666666667,3,p3,A,-2,0.8888888888888888
EUR-only,0.75,2,p2,A,-1,1.0
MIXED,1.7725146198830408,5,p3,D,0,0.6666666666666666
EUR-only,-2.0,2,p3,A,-1,1.0
MIXED,1.75,2,p2,H,1,0.75
MIXED,-0.47916666666666663,4,p3,D,0,0.6666666666666666
MIXED,0.4791666666666667,4,p3,H,3,0.6666666666666666
EUR-only,2.0,2,p3,D,0,1.0
MIXED,-1.75,2,p2,A,-1,0.75
MIXED,-0.6928571428571428,10,p3,D,0,0.7666666666666667
MIXED,-1.3087878787878788,15,p3,A,-2,0.6666666666666666
MIXED,0.06425786688944589,12,p3,D,0,0.6666666666666666
MIXED,-0.75,2,p2,D,0,0.5
MIXED,2.56006216006216,15,p3,H,1,0.8666666666666667
EUR-only,-2.25,2,p2,A,-2,1.0
MIXED,0.75,2,p2,H,1,0.5
MIXED,-2.56006216006216,15,p3,H,2,0.8666666666666667
MIXED,1.3087878787878788,15,p3,H,3,0.6666666666666666
EUR-only,2.25,2,p2,H,2,1.0
MIXED,0.6928571428571428,10,p3,H,1,0.7666666666666667
MIXED,-0.06425786688944589,12,p3,A,-1,0.6666666666666666
EUR-only,-3.5,2,p3,A,-1,1.0
MIXED,-1.030612244897959,7,p3,D,0,0.8095238095238095
MIXED,-2.25,2,p3,A,-2,0.5
MIXED,-1.25,2,p3,A,-1,0.6666666666666666
MIXED,-0.5,2,p3,D,0,0.6666666666666666
MIXED,-1.3973544973544973,9,p3,A,-2,0.5925925925925926
MIXED,2.25,2,p3,H,2,0.5
MIXED,1.030612244897959,7,p3,A,-1,0.8095238095238095
MIXED,0.5,2,p3,A,-1,0.6666666666666666
EUR-only,3.5,2,p3,H,2,1.0
MIXED,1.3973544973544973,9,p3,H,1,0.5925925925925926
MIXED,1.25,2,p3,H,2,0.6666666666666666
MIXED,0.5714285714285715,2,p2,H,3,0.5
MIXED,-1.6944444444444444,3,p3,H,1,0.5555555555555556
MIXED,0.15,5,p2,H,2,0.8
MIXED,0.9666666666666668,5,p3,H,1,0.6666666666666666
EUR-only,-0.8333333333333334,3,p2,A,-1,1.0
MIXED,0.5833333333333334,2,p2,D,0,0.75
MIXED,0.25,2,p2,H,1,0.75
MIXED,1.6944444444444444,3,p3,A,-4,0.5555555555555556
MIXED,-0.5714285714285715,2,p2,A,-2,0.5
MIXED,-0.9666666666666668,5,p3,D,0,0.6666666666666666
MIXED,-0.25,2,p2,H,5,0.75
MIXED,-0.15,5,p2,H,1,0.8
EUR-only,0.8333333333333334,3,p2,H,1,1.0
MIXED,-0.5833333333333334,2,p2,H,3,0.75
