normalised_key,canonical_name
07vestur,07 Vestur
1899hoffenheim,1899 Hoffenheim
1heidenheim1846,1. FC Heidenheim 1846
1koln,1. FC Köln
1mainz05,1. FSV Mainz 05
1pribram,1. FK Příbram
1prostejov,1. SK Prostějov
1slovacko,1. FC Slovácko
1unionberlin,1. FC Union Berlin
aachen,Aachen
aalborg,Aalborg
aalen,Aalen
aalesund,Aalesund
aarau,Aarau
aarhus,Aarhus
abargir,AB Argir
aberdeen,Aberdeen
aberystwythtown,Aberystwyth Town
academica,Academica
academicaclinceni,Academica Clinceni
accrington,Accrington
adanaspor,Adanaspor
addemirspor,Ad. Demirspor
admira,Admira
aek,AEK
aekathen,AEK Athen
aeklarnaca,AEK Larnaca
aellimassol,AEL Limassol
aezakakiou,AE Zakakiou
afelbasani,AF Elbasani
ahlen,Ahlen
aik,AIK
aiksolna,AIK Solna
ajaccio,Ajaccio
ajacciogfco,Ajaccio GFCO
ajax,Ajax
akhisarbelediyespor,Akhisar Belediyespor
akhmatgrozny,Akhmat Grozny
aklagenfurt,A. Klagenfurt
akratitos,Akratitos
akrontogliatti,Akron Togliatti
aktobe,FK Aktobe
alanyaspor,Alanyaspor
alashkert,FC Alashkert
alaves,Alaves
albacete,Albacete
albinoleffe,Albinoleffe
alcorcon,Alcorcon
alcoyano,Alcoyano
aldershot,Aldershot
alessandria,Alessandria
algeciras,Algeciras
alicante,Alicante
almerecity,Almere City
almeria,Almeria
altach,Altach
altay,Altay
aluminij,NK Aluminij
alustenau,A. Lustenau
alverca,Alverca
amiens,Amiens
amkar,Amkar
amorebieta,Amorebieta
ancona,Ancona
anderlecht,Anderlecht
andorra,Andorra
angers,Angers
ankaragucu,Ankaragucu
ankaraspor,Ankaraspor
annecy,Annecy
anorthosisfamagusta,Anorthosis Famagusta
antalyaspor,Antalyaspor
antwerp,Antwerp
anzimakhackala,FK Anzi Makhackala
apbrerastrumica,FK AP Brera Strumica
apoelnikosia,APOEL Nikosia
apollon,Apollon
apollonlimassol,Apollon Limassol
ararat,FC Ararat
araratarmenia,FC Ararat-Armenia
araznaxcvanpfk,Araz-Naxçıvan PFK
ardakardzhali,Arda Kardzhali
arezzo,Arezzo
arges,FC Arges
aris,Aris
arislimassol,Aris Limassol
arissaloniki,Aris Saloniki
arkagdynia,Arka Gdynia
arles,Arles
arouca,Arouca
arsenal,Arsenal
arsenaldzerzhinsk,Arsenal Dzerzhinsk
arsenaltula,Arsenal Tula
ascoli,Ascoli
asebatspor,A. Sebatspor
astana,FK Astana
asterastripolis,Asteras Tripolis
astonvilla,Aston Villa
astra,Astra
atalanta,Atalanta
atalantabc,Atalanta BC
athbilbao,Ath Bilbao
athbilbaob,Ath Bilbao B
athenskallithea,Athens Kallithea
athletic,Athletic Club
athlone,Athlone
athmadrid,Ath Madrid
atleticescaldes,Atlétic Escaldes
atleticomadrid,Atlético Madrid
atromitos,Atromitos
atvidabergs,Atvidabergs
auda,FK Auda
augsburg,Augsburg
austriavienna,Austria Vienna
austriawien,Austria Wien
auxerre,Auxerre
avellino,Avellino
aves,Aves
avs,AVS
azalkmaar,AZ Alkmaar
b36torshavn,B36 Tórshavn
b68toftir,B68 Toftir
balatown,Bala Town
balikesirspor,Balikesirspor
ballymenaunited,Ballymena United
balti,FC Bălţi
baltika,Baltika
balzan,Balzan FC
bangagargzdai,Banga Gargždai
banikostrava,Baník Ostrava
banikostravab,Baník Ostrava B
barcelona,Barcelona
barcelonab,Barcelona B
bari,Bari
barnet,Barnet
barnsley,Barnsley
barrow,Barrow
barrytownunited,Barry Town United
basel,Basel
basel1893,FC Basel 1893
bastia,Bastia
bateborisov,BATE Borisov
bayer04leverkusen,Bayer 04 Leverkusen
bayerleverkusen,Bayer Leverkusen
bayernmunchen,Bayern München
bayernmunich,Bayern Munich
beerschotva,Beerschot VA
beiramar,Beira Mar
beitarjerusalem,Beitar Jerusalem
belenenses,Belenenses
belshinabobruisk,Belshina Bobruisk
benevento,Benevento
benfica,Benfica
bergen,Bergen
beroe,PFC Beroe
besancon,Besancon
besiktas,Besiktas
betis,Betis
bettembourg,SC Bettembourg
beveren,Beveren
beziers,Beziers
bfcdaugavpils,BFC Daugavpils
bielefeld,Bielefeld
birkirkara,Birkirkara FC
birmingham,Birmingham
bistrita,Bistrita
bkmayerevan,BKMA Yerevan
blackburn,Blackburn
blackpool,Blackpool
boavista,Boavista
bochum,Bochum
bodglimt,FK Bodø/Glimt
bodoglimt,Bodo/Glimt
bodrumspor,Bodrumspor
bohemians,Bohemians
bohemianspraha1905,Bohemians Praha 1905
bokelj,FK Bokelj
bologna,Bologna
bologna1909,Bologna FC 1909
bolton,Bolton
boracbanjaluka,Borac Banja Luka
bordeaux,Bordeaux
bormonchengladbach,Bor. Mönchengladbach
borussiadortmund,Borussia Dortmund
boston,Boston
botevplovdiv,Botev Plovdiv
botevvratsa,Botev Vratsa
botosani,FC Botosani
boulogne,Boulogne
bourgperonnas,Bourg Peronnas
bournemouth,Bournemouth
bradford,Bradford
braga,Sporting Braga
brage,Brage
brann,Brann
brasov,FC Brasov
braunschweig,Braunschweig
bravo,NK Bravo
bray,Bray
bregalnicastip,FK Bregalnica Štip
breiablik,Breiðablik
brentford,Brentford
brescia,Brescia
brest,Brest
brighton,Brighton
brightonhovealbion,Brighton & Hove Albion
bristolcity,Bristol City
bristolrvs,Bristol Rvs
britonferryllansawel,Briton Ferry Llansawel AFC
brndby,Brøndby IF
bromley,Bromley
brommapojkarna,Brommapojkarna
brondby,Brondby
brugge,Club Brugge
brussels,FC Brussels
bryne,Bryne
bscyoungboys,BSC Young Boys
bucaspor,Bucaspor
budafokimte,Budafoki MTE
budapesthonved,Budapest Honvéd
buducnostpodgorica,FK Budućnost Podgorica
burghausen,Burghausen
burgos,Burgos
burnley,Burnley
bursaspor,Bursaspor
burton,Burton
bury,Bury
buyuksehyr,Buyuksehyr
bwlinz,BW Linz
cabinteely,Cabinteely
cadiz,Cadiz
caen,Caen
caernarfontown,Caernarfon Town
cagliari,Cagliari
calarasi,Calarasi
cambridge,Cambridge
cambuur,Cambuur
cardiff,Cardiff
cardiffmetropolitan,Cardiff Metropolitan
carlisle,Carlisle
carpi,Carpi
carrarese,Carrarese
carrickrangers,Carrick Rangers
cartagena,Cartagena
casapia,Casa Pia
castellon,Castellon
catania,Catania
catanzaro,Catanzaro
ceahlaul,Ceahlaul
celje,NK Celje
celta,Celta
celtic,Celtic
cerclebrugge,Cercle Brugge
cesena,Cesena
ceuta,Ceuta
cfrcluj,CFR Cluj
chambly,Chambly
charleroi,Charleroi
charlton,Charlton
chateauroux,Chateauroux
chaves,Chaves
chelsea,Chelsea
cheltenham,Cheltenham
chernomoretsodessa,Chernomorets Odessa
chernomorevarna,Cherno More Varna
chester,Chester
chesterfield,Chesterfield
chievo,Chievo
chindiatargoviste,Chindia Targoviste
cittadella,Cittadella
ciudadmurcia,Ciudad de Murcia
clermont,Clermont
cliftonville,Cliftonville FC
clubebraga,Sporting Clube de Braga
clubeportugal,Sporting Clube de Portugal
cobhramblers,Cobh Ramblers
colchester,Colchester
coleraine,Coleraine FC
colwynbay,Colwyn Bay FC
como,Como
concarneau,Concarneau
concordia,Concordia
connahsquaynomads,Connah's Quay Nomads
copenhagen,FC Copenhagen
cordoba,Cordoba
corkcity,Cork City
coronabrasov,Corona Brasov
corvinul,Corvinul
corvinulhunedoara,FC Corvinul Hunedoara
cosenza,Cosenza
cottbus,Cottbus
coventry,Coventry
cp,Sporting CP
cracovia,Cracovia
crawleytown,Crawley Town
cremonese,Cremonese
creteil,Creteil
crewe,Crewe
crotone,Crotone
crusaders,Crusaders FC
crvenazvezda,Crvena Zvezda
crystalpalace,Crystal Palace
csikszeredamciuc,Csikszereda M. Ciuc
cska1948sofia,CSKA 1948 Sofia
cskamoscow,CSKA Moscow
cskamoskva,CSKA Moskva
cskasofia,CSKA Sofia
cukaricki,FK Čukarički
culturalleonesa,Cultural Leonesa
czjena,CZ Jena
dac1904,FC DAC 1904
daciabuiucani,Dacia Buiucani
dacogeticabucuresti,Daco-Getica Bucuresti
dagandred,Dag and Red
dalkurd,Dalkurd
darlington,Darlington
darmstadt,Darmstadt
debrecenivsc,Debreceni VSC
decictuzi,FK Dečić Tuzi
degerfors,Degerfors
denbosch,Den Bosch
dender,Dender
denhaag,Den Haag
denizlispor,Denizlispor
derby,Derby
derrycity,Derry City
dfkdainava,DFK Dainava
differdange03,FC Differdange 03
dijon,Dijon
dilagori,Dila Gori
dinamobatumi,Dinamo Batumi
dinamobrest,Dinamo Brest
dinamobucuresti,Dinamo Bucuresti
dinamocity,FC Dinamo City
dinamokiev,Dinamo Kiev
dinamominsk,Dinamo Minsk
dinamotbilisi,Dinamo Tbilisi
dinamozagreb,Dinamo Zagreb
dinbucuresti,Din. Bucuresti
diosgyorivtk,Diósgyöri VTK
diyarbakirspor,Diyarbakirspor
djurgarden,Djurgarden
djurgardens,Djurgårdens IF
dneprmogilev,Dnepr Mogilev
dnipro1,SK Dnipro-1
domzale,NK Domžale
doncaster,Doncaster
dordrecht,Dordrecht
dortmund,Dortmund
doxadramas,Doxa Dramas
doxakatokopias,Doxa Katokopias
dresden,Dresden
dritagjilan,Drita Gjilan
drogheda,Drogheda
duisburg,Duisburg
duklabanskabystrica,Dukla Banská Bystrica
duklapraha,FK Dukla Praha
dundalk,Dundalk
dundee,Dundee
dundeeunited,Dundee United
dunfermline,Dunfermline
dungannonswifts,Dungannon Swifts
dunkerque,Dunkerque
dynamoceskebudejovice,Dynamo České Budějovice
dynamomakhachkala,Dynamo Makhachkala
dynamomoscow,Dynamo Moscow
dziugas,FC Džiugas
ebstreymur,EB/Streymur
egaleo,Egaleo
egnatiarrogozhine,Egnatia Rrogozhine
eibar,Eibar
einfrankfurt,Ein Frankfurt
eintrachtfrankfurt,Eintracht Frankfurt
eintrier,Ein Trier
ekenas,Ekenas
elazigspor,Elazigspor
elche,Elche
eldense,Eldense
elfsborg,Elfsborg
elversberg,Elversberg
emmen,FC Emmen
empoli,Empoli
energetikbguminsk,Energetik-BGU Minsk
enosisneonparalimni,Enosis Neon Paralimni
erciyesspor,Erciyesspor
erfurt,Erfurt
ergotelis,Ergotelis
erzenishijak,Erzeni Shijak
erzgebirgeaue,Erzgebirge Aue
erzurumbb,Erzurum BB
esbjerg,Esbjerg
eskilstuna,AFC Eskilstuna
eskisehirspor,Eskisehirspor
espanol,Espanol
essen,Essen
estamadora,Est Amadora
estoril,Estoril
estrela,Estrela
etarvelikotarnovo,Etar Veliko Tarnovo
ethnikosachna,Ethnikos Achna
eupen,Eupen
everton,Everton
evianthonongaillard,Evian Thonon Gaillard
excelsior,Excelsior
exeter,Exeter
extremadura,Extremadura UD
eyupspor,Eyupspor
f91dudelange,F91 Dudelange
fakelvoronezh,Fakel Voronezh
falkenbergs,Falkenbergs
falkirk,Falkirk
famalicao,Famalicao
farense,Farense
farulconstanta,Farul Constanta
fasiauliai,FA Šiauliai
fastavzlin,FC Fastav Zlín
fcbmagpies,FCB Magpies
fcilevadia,FCI Levadia
fcsb,FCSB
fehervar,Fehérvár FC
feirense,Feirense
fenerbahce,Fenerbahce
feralpisalo,FeralpiSalo
ferencvarositc,Ferencvárosi TC
ferrol,Ferrol
feyenoord,Feyenoord
feyenoordrotterdam,Feyenoord Rotterdam
fhhafnarfjorur,FH Hafnarfjörður
finnharps,Finn Harps
fiorentina,Fiorentina
fleetwoodtown,Fleetwood Town
flinttownunited,Flint Town United
flora,FC Flora
floresti,FC Floreşti
floriana,Floriana FC
foggia,Foggia
folaesch,CS FOLA Esch
forestgreen,Forest Green
forsittard,For Sittard
fortunadusseldorf,Fortuna Dusseldorf
framreykjavik,Fram Reykjavík
frankfurt,Frankfurt FSV
fredericia,Fredericia
fredrikstad,Fredrikstad
freiburg,Freiburg
frosinone,Frosinone
fsjelgava,FS Jelgava
fuenlabrada,Fuenlabrada
fuglafjrur,ÍF Fuglafjørður
fulham,Fulham
fylkirreykjavik,Fylkir Reykjavík
gabala,Gabala FK
gagra,FC Gagra
gais,GAIS
galatasaray,Galatasaray
gallipoli,Gallipoli
galway,Galway
gandzasarkapan,Gandzasar Kapan
garejisagarejo,FC Gareji Sagarejo
gaziantep,Gaziantep
gaziantepspor,Gaziantepspor
gazmetanmedias,Gaz Metan Medias
gefle,Gefle
genclerbirligi,Genclerbirligi
genk,Genk
genoa,Genoa
gent,Gent
germinal,Germinal
getafe,Getafe
gfktikvesh,GFK Tikvesh
giannina,Giannina
gillingham,Gillingham
gilvicente,Gil Vicente
gimnastic,Gimnastic
giresunspor,Giresunspor
girona,Girona
gksbelchatow,GKS Belchatow
gkskatowice,GKS Katowice
glenavon,Glenavon FC
glentoran,Glentoran FC
gloriabuzau,Gloria Buzau
gnistan,Gnistan
goaheadeagles,Go Ahead Eagles
gomel,FK Gomel
gorica,HNK Gorica
gornikz,Gornik Z.
gornikzabrze,Gornik Zabrze
goskgabela,NK GOŠK Gabela
goteborg,Goteborg
goztep,Goztep
graafschap,Graafschap
granada,Granada
granada74,Granada 74
grasshoppers,Grasshoppers
grazerak,Grazer AK
grenoble,Grenoble
gretna,Gretna
greutherfurth,Greuther Furth
grimsby,Grimsby
grobinas,Grobiņas SC
grodig,Grodig
groningen,Groningen
grosseto,Grosseto
guadalajara,Guadalajara
gubbio,Gubbio
gudjaunited,Gudja United
gueugnon,Gueugnon
guimaraes,Guimaraes
guingamp,Guingamp
gyorieto,Győri ETO FC
gziraunited,Gżira United
hacettepespor,Hacettepespor
hacken,Hacken
hajduksplit,Hajduk Split
haka,Haka
halmstad,Halmstad
hamburg,Hamburg
hamilton,Hamilton
hamkam,HamKam
hammarby,Hammarby
hamrunspartans,Hamrun Spartans
hannover,Hannover
hansarostock,Hansa Rostock
hapoelbeersheva,Hapoel Be'er Sheva
harjujk,Harju JK
harrogate,Harrogate
hartberg,Hartberg
hartlepool,Hartlepool
hatayspor,Hatayspor
haugesund,Haugesund
haverfordwestcounty,Haverfordwest County
hbtorshavn,HB Tórshavn
heartofmidlothian,Heart of Midlothian
hearts,Hearts
hebarpazardzhik,Hebar Pazardzhik
heerenveen,Heerenveen
hegelmann,FC Hegelmann
heidenheim,Heidenheim
helsingborg,Helsingborg
helsingor,Helsingor
heracles,Heracles
hercules,Hercules
hereford,Hereford
hermannstadt,FC Hermannstadt
hertha,Hertha
heusdenzolder,Heusden Zolder
hibernian,Hibernian
hibernians,Hibernians FC
hifk,HIFK
hjk,HJK
hjkhelsinki,HJK Helsinki
hkkopavogur,HK Kópavogur
hobro,Hobro
hoffenheim,Hoffenheim
holsteinkiel,Holstein Kiel
honefoss,Honefoss
honka,Honka
horsens,Horsens
hostert,US Hostert
hradeckralove,FC Hradec Králové
hskposusje,HŠK Posušje
huddersfield,Huddersfield
huesca,Huesca
hull,Hull
hvidovre,Hvidovre IF
iaakranes,ÍA Akranes
iberia1999,FC Iberia 1999
ibiza,Ibiza
ibvvestmannaeyjar,ÍBV Vestmannaeyjar
igmankonjic,Igman Konjic
ilves,Ilves
ilvestampere,Ilves Tampere
imtbeograd,IMT Beograd
ingolstadt,Ingolstadt
inhuletspetrove,Inhulets Petrove
inter,Inter
interdescaldes,Inter Club d'Escaldes
internazionalemilano,FC Internazionale Milano
interturku,Inter Turku
invernessc,Inverness C
ionikos,Ionikos
ipswich,Ipswich
iraklis,Iraklis
islochminsk,FK Isloch Minsk
istanbulbasaksehir,İstanbul Başakşehir
istanbulspor,Istanbulspor
istra1961,NK Istra 1961
istres,Istres
jablonec,FK Jablonec
jaen,Jaen
jagiellonia,Jagiellonia
jagielloniabiaystok,Jagiellonia Białystok
jaro,Jaro
javor,FK Javor
jedinstvobijelopolje,Jedinstvo Bijelo Polje
jedinstvoub,Jedinstvo Ub
jerv,Jerv
jeunesseesch,Jeunesse Esch
jezero,FK Jezero
jjkjyvaskyla,JJK Jyvaskyla
jknarvatrans,JK Narva Trans
jknommekalju,JK Nõmme Kalju
jktallinnakalev,JK Tallinna Kalev
jktammeka,JK Tammeka
jonkopings,Jonkopings
juventus,Juventus
juvestabia,Juve Stabia
kaagent,KAA Gent
kaakureyri,KA Akureyri
kairat,FK Kairat
kaiserslautern,Kaiserslautern
kalamaria,Kalamaria
kallithea,Kallithea
kallonis,Kallonis
kalmar,Kalmar
kapazpfk,Kapaz PFK
karabukspor,Karabukspor
karagumruk,Karagumruk
karlsruhe,Karlsruhe
karmiotissapolemidion,Karmiotissa Polemidion
karpatylviv,Karpaty Lviv
kasimpasa,Kasimpasa
kaunozalgiris,Kauno Žalgiris
kavala,Kavala
kayserispor,Kayserispor
kbenhavn,FC København
kecskemetite,Kecskeméti TE
keflavik,Keflavík ÍF
kerkyra,Kerkyra
kfballkani,KF Ballkani
kfbesadoberdoll,KF Besa Dobërdoll
kfbylisballsh,KF Bylis Ballsh
kfckomarno,KFC Komárno
kfdrita,KF Drita
kfdukagjini,KF Dukagjini
kfferizaj,KF Ferizaj
kfferonikeli,KF Feronikeli
kffushekosova,KF Fushë Kosova
kfgjilani,KF Gjilani
kfgostivari,KF Gostivari
kflaci,KF Laçi
kfliria,KF Liria
kfllapi,KF Llapi
kfmalisheva,KF Malisheva
kfshkendija79,KF Shkëndija 79
kfshkupi,KF Shkupi
kfskenderbeu,KF Skënderbeu
kfteutadurres,KF Teuta Durrës
kftirane,KF Tiranë
kfumoslo,KFUM Oslo
khimki,Khimki
kidderminster,Kidderminster
kifisia,Kifisia
kiklaksvik,KÍ Klaksvík
kilmarnock,Kilmarnock
kisvarda,Kisvárda FC
koblenz,Koblenz
kocaelispor,Kocaelispor
kolkhetipoti,Kolkheti Poti
koln,FC Koln
koloskovalivka,Kolos Kovalivka
kongsvinger,Kongsvinger
konyaspor,Konyaspor
koper,FC Koper
koronakielce,Korona Kielce
kortrijk,Kortrijk
kosice,FC Košice
kpvkokkola,KPV Kokkola
krasnodar,Krasnodar
krcgenk,KRC Genk
kristiansund,Kristiansund
krreykjavik,KR Reykjavík
krumovgrad,FK Krumovgrad
krylyasovetov,Krylya Sovetov
kryvbaskryvyirih,Kryvbas Kryvyi Rih
ktp,KTP
kuban,Kuban
kukesi,FK Kukësi
kuopionps,Kuopion PS
kups,KuPS
kuressaare,FC Kuressaare
lacoruna,La Coruna
lahti,Lahti
lamia,Lamia
landskrona,Landskrona
larisa,Larisa
larne,Larne FC
lask,LASK
laspalmas,Las Palmas
latina,Latina
lausanne,Lausanne
lausanneouchy,Lausanne Ouchy
lausannesport,FC Lausanne-Sport
laval,Laval
lazio,Lazio
lazioroma,Lazio Roma
lecce,Lecce
lecco,Lecco
lechiagdansk,Lechia Gdansk
lechpoznan,Lech Poznan
leczna,Leczna
leeds,Leeds
leganes,Leganes
legia,Legia
legiawarszawa,Legia Warszawa
legnica,Legnica
lehavre,Le Havre
leicester,Leicester
leicestercity,Leicester City
leiria,Leiria
leixoes,Leixoes
lemans,Le Mans
lens,Lens
leonesa,Leonesa
levadeiakos,Levadeiakos
levante,Levante
leverkusen,Leverkusen
levskisofia,Levski Sofia
leytonorient,Leyton Orient
libourne,Libourne
liepaja,FK Liepāja
lierse,Lierse
lille,Lille
lilleosc,Lille OSC
lillestrom,Lillestrom
limerick,Limerick
lincoln,Lincoln
lincolnredimps,Lincoln Red Imps
linfield,Linfield FC
lisen,SK Líšeň
liverpool,Liverpool
livingston,Livingston
livorno,Livorno
livyibereh,Livyi Bereh
ljungskile,Ljungskile
lkslodz,LKS Lodz
llagostera,Llagostera
lleida,Lleida
lnzcherkasy,FC LNZ Cherkasy
logrones,Logrones
lokeren,Lokeren
lokomotivazagreb,Lokomotiva Zagreb
lokomotivmoscow,Lokomotiv Moscow
lokomotivmoskva,Lokomotiv Moskva
lokomotivplovdiv,Lokomotiv Plovdiv
lokomotivsofia,Lokomotiv Sofia
longford,Longford
lorca,Lorca
lorient,Lorient
loughgall,Loughgall FC
louvieroise,Louvieroise
lubeck,Lubeck
ludogoretsrazgrad,PFC Ludogorets Razgrad
lugano,Lugano
lugo,Lugo
luton,Luton
luzern,Luzern
lyngby,Lyngby
lyon,Lyon
maccabihaifa,Maccabi Haifa
maccabipetachtikva,Maccabi Petach-Tikva
maccabitelaviv,Maccabi Tel Aviv
macclesfield,Macclesfield
magdeburg,Magdeburg
mainz,Mainz
makedonijagp,Makedonija GP
malaga,Malaga
malagab,Malaga B
malatyaspor,Malatyaspor
mallorca,Mallorca
malmo,Malmö FF
manchestercity,Manchester City
manchesterunited,Manchester United
mancity,Man City
manisaspor,Manisaspor
mansfield,Mansfield
mantova,Mantova
manunited,Man United
maribor,NK Maribor
mariehamn,Mariehamn
mariscamersch,Marisca Mersch
maritimo,Maritimo
marsaxlokk,Marsaxlokk FC
marseille,Marseille
martigues,Martigues
mastaborsko,FK MAS Táborsko
mattersburg,Mattersburg
maxlinevitebsk,FK Maxline Vitebsk
mechelen,Mechelen
melita,Melita FC
mersinidmanyurdu,Mersin Idman Yurdu
mervue,Mervue
messina,Messina
metalist1925kharkiv,Metalist 1925 Kharkiv
metaloglobusbucharest,Metaloglobus Bucharest
metta,FK Metta
metz,Metz
mezokovesdise,Mezőkövesdi SE
mfkchrudim,MFK Chrudim
mfkkarvina,MFK Karviná
mfkruzomberok,MFK Ružomberok
mfkskalica,MFK Skalica
mfkvyskov,MFK Vyškov
mfkzemplinmichalovce,MFK Zemplín Michalovce
mgladbach,M'gladbach
middlesbrough,Middlesbrough
midtjylland,Midtjylland
milan,Milan
millwall,Millwall
milsami,FC Milsami
miltonkeynesdons,Milton Keynes Dons
minsk,FK Minsk
mioveni,Mioveni
mirandes,Mirandes
mjallby,Mjallby
mjondalen,Mjondalen
mladaboleslav,FK Mladá Boleslav
mladostlucani,Mladost Lučani
modena,Modena
molde,Molde
molodechno,FK Molodechno
molvidi,MOL Vidi FC
monaco,Monaco
monaghan,Monaghan
mondercange,FC Mondercange
mondorf,US Mondorf
montpellier,Montpellier
montpellierhsc,Montpellier HSC
monza,Monza
morecambe,Morecambe
moreirense,Moreirense
mornar,FK Mornar
moss,Moss
mosta,Mosta FC
motherwell,Motherwell
motorlublin,Motor Lublin
mouscron,Mouscron
mouscronperuwelz,Mouscron-Peruwelz
msaransk,M. Saransk
mskzilina,MŠK Žilina
mtkbudapest,MTK Budapest
munich1860,Munich 1860
murcia,Murcia
mynai,FC Mynai
mypa,MyPa
nacbreda,NAC Breda
nacional,Nacional
nafta,NK Nafta
naftannovopolotsk,Naftan Novopolotsk
nancy,Nancy
nantes,Nantes
napoli,Napoli
napredak,FK Napredak
naval,Naval
navodari,Navodari
naxxarlions,Naxxar Lions FC
ndprimorje,ND Primorje
neasalamina,Nea Salamina
neftcipfk,Neftçi PFK
nemangrodno,Neman Grodno
neustadt,Neustadt
newcastle,Newcastle
newcastleunited,Newcastle United FC
newportcounty,Newport County
newrycity,Newry City FC
newsaints,The New Saints
newtown,Newtown AFC
nice,Nice
nijmegen,Nijmegen
nikivolos,Niki Volos
nimes,Nimes
niort,Niort
noah,FC Noah
nocerina,Nocerina
nommeunited,Nõmme United
nordsjaelland,Nordsjaelland
nordsjlland,FC Nordsjælland
norrkoping,Norrkoping
northampton,Northampton
norwich,Norwich
nottmforest,Nott'm Forest
nottscounty,Notts County
novara,Novara
novipazar,FK Novi Pazar
nsirunavik,NSÍ Runavík
nsmura,NŠ Mura
numancia,Numancia
nurnberg,Nurnberg
nyiregyhazaspartacus,Nyíregyháza Spartacus
oberhausen,Oberhausen
obolon,FK Obolon
odd,Odd
odense,Odense
offenbach,Offenbach
ofi,OFI
oficrete,OFI Crete
ofkbeograd,OFK Beograd
ofkmladostdg,OFK Mladost DG
ofkpetrovac,OFK Petrovac
oftasspor,Oftasspor
ogcnice,OGC Nice
oldham,Oldham
oleksandriya,FK Oleksandriya
olhanense,Olhanense
olimpijaljubljana,Olimpija Ljubljana
olympiakos,Olympiakos
olympiakospiraeus,Olympiakos Piraeus
olympiakosvolou,Olympiakos Volou
olympiquelyonnais,Olympique Lyonnais
olympiquemarseille,Olympique Marseille
omonia29ismaiou,Omonia 29is Maiou
omoniaaradippou,Omonia Aradippou
omonianikosia,Omonia Nikosia
oostende,Oostende
ordabasy,FK Ordabasy
orduspor,Orduspor
orebro,Orebro
orenburg,Orenburg
orgryte,Orgryte
orleans,Orleans
osasuna,Osasuna
osijek,NK Osijek
osmanlispor,Osmanlispor
osnabruck,Osnabruck
oster,Oster
osters,Osters
ostersunds,Ostersunds
otelul,Otelul
otelulgalati,Oţelul Galaţi
othellosathienou,Othellos Athienou
otrant,FK Otrant
oudheverleeleuven,Oud-Heverlee Leuven
oulu,AC Oulu
oviedo,Oviedo
oxford,Oxford
pacosferreira,Pacos Ferreira
paderborn,Paderborn
padova,Padova
paeolympiakossfp,PAE Olympiakos SFP
pafos,Pafos FC
paidelinnameeskond,Paide Linnameeskond
paksise,Paksi SE
palermo,Palermo
panathinaikos,Panathinaikos
pandurii,Pandurii
panetolikos,Panetolikos
panevezys,FK Panevėžys
panionios,Panionios
panserraikos,Panserraikos
panthrakikos,Panthrakikos
paok,PAOK
paoksaloniki,PAOK Saloniki
paphos,Paphos FC
pardubice,FK Pardubice
parinn,Pari NN
paris,Paris FC
parissaintgermain,Paris Saint-Germain
parissg,Paris SG
parma,Parma
parnujkvaprus,Pärnu JK Vaprus
partick,Partick
partizan,Partizan
partizani,FK Partizani
pau,Pau FC
pelister,FK Pelister
penafiel,Penafiel
pendikspor,Pendikspor
penybont,Penybont FC
perugia,Perugia
pescara,Pescara
peterboro,Peterboro
petrocub,CS Petrocub
petrolul,Petrolul
piacenza,Piacenza
piastgliwice,Piast Gliwice
pirinblagoevgrad,Pirin Blagoevgrad
pisa,Pisa
pk35vantaa,PK-35 Vantaa
platanias,Platanias
plymouth,Plymouth
podbeskidzie,Podbeskidzie
pogonszczecin,Pogon Szczecin
poliejido,Poli Ejido
poliiasi,Poli Iasi
polissyazhytomyr,Polissya Zhytomyr
politimisoara,Poli Timisoara
poloniawarszawa,Polonia Warszawa
ponferradina,Ponferradina
pontevedra,Pontevedra
pontypriddunited,Pontypridd United
pordenone,Pordenone
portadown,Portadown FC
portimonense,Portimonense
porto,Porto
portogruaro,Portogruaro
portsmouth,Portsmouth
portvale,Port Vale
preston,Preston
preuenmunster,Preußen Münster
prishtina,FC Prishtina
progresniedercorn,Progrès Niedercorn
provercelli,Pro Vercelli
pskemi,PS Kemi
psv,PSV
psveindhoven,PSV Eindhoven
puskas,Puskás FC
puszcza,Puszcza
pyunik,Pyunik FC
qarabag,Qarabağ FK
qarabagagdam,Qarabağ Ağdam FK
qpr,QPR
quevillyrouen,Quevilly Rouen
raallalouviere,RAAL La Louviere
rabotnicki,FK Rabotnički
racinglens,Racing Club de Lens
radnicki1923,FK Radnički 1923
radnickinis,Radnički Niš
radnikbijeljina,Radnik Bijeljina
radniksurdulica,Radnik Surdulica
radomiakradom,Radomiak Radom
radomlje,NK Radomlje
rakow,Rakow
rakowczestochowa,Raków Częstochowa
randers,Randers FC
rangers,Rangers
ranheim,Ranheim
rapid,SK Rapid
rapidbucuresti,FC Rapid Bucuresti
rapidwien,Rapid Wien
ravenna,Ravenna
rayomajadahonda,Rayo Majadahonda
rayovallecano,Rayo Vallecano
rbleipzig,RB Leipzig
rbsalzburg,RB Salzburg
reading,Reading
realbetis,Real Betis
realmadrid,Real Madrid
realmadridb,Real Madrid B
realsociedad,Real Sociedad
realsociedadfutbol,Real Sociedad de Fútbol
realunion,Real Union
recreativo,Recreativo
redbullsalzburg,FC Red Bull Salzburg
redstar,Red Star
regensburg,Regensburg
reggiana,Reggiana
reggina,Reggina
reims,Reims
rennes,Rennes
reusdeportiu,Reus Deportiu
rfculuxemburg,RFCU Luxemburg
rfs,FK RFS
ried,Ried
riga,Riga FC
rijeka,HNK Rijeka
rimini,Rimini
rioave,Rio Ave
riteriai,FK Riteriai
rizespor,Rizespor
rochdale,Rochdale
roda,Roda
rodajc,Roda JC
rodange91,FC Rodange 91
rodez,Rodez
rodinamoscow,Rodina Moscow
roeselare,Roeselare
rogaska,NK Rogaška
roma,Roma
roosendaal,Roosendaal
rosenborg,Rosenborg
rosscounty,Ross County
rostov,FK Rostov
rotherham,Rotherham
rouen,Rouen
rovaniemi,Rovaniemi
royalantwerp,Royal Antwerp FC
royaleunionsaintgilloise,Royale Union Saint-Gilloise
rubinkazan,Rubin Kazan
ruch,Ruch
ruchchorzow,Ruch Chorzow
rudarpljevlja,FK Rudar Pljevlja
rudes,NK Rudeš
rukhlviv,Rukh Lviv
rushdend,Rushden & D
rvolgograd,R. Volgograd
rwdmolenbeek,RWD Molenbeek
saarbrucken,Saarbrucken
sabadell,Sabadell
sabah,Sabah FK
saburtalo,FC Saburtalo
sakaryaspor,Sakaryaspor
salamanca,Salamanca
salernitana,Salernitana
salford,Salford
salzburg,Salzburg
samax,Şamaxı FK
samguralitskhaltubo,Samgurali Tskhaltubo
sampdoria,Sampdoria
samsunspor,Samsunspor
samtredia,FC Samtredia
sandecjanowys,Sandecja Nowy S.
sandefjord,Sandefjord
sandhausen,Sandhausen
sandnes,Sandnes
santaclara,Santa Clara
santacoloma,FC Santa Coloma
santander,Santander
sarajevo,FK Sarajevo
sarpsborg08,Sarpsborg 08
sassuolo,Sassuolo
sbail,Səbail FK
schaffhausen,Schaffhausen
schalke04,Schalke 04
schifflange95,FC Schifflange 95
scunthorpe,Scunthorpe
sedan,Sedan
sellierbellotvlasim,FC Sellier & Bellot Vlašim
sepsisfgheorghe,Sepsi Sf. Gheorghe
septemvrisofia,Septemvri Sofia
seraing,Seraing
servette,Servette
sete,Sete
setubal,Setubal
sevilla,Sevilla
sevillab,Sevilla B
sfcopava,SFC Opava
shakhtardonetsk,Shakhtar Donetsk
shakhtersoligorsk,Shakhter Soligorsk
shamrockrovers,Shamrock Rovers
sheffieldunited,Sheffield United
sheffieldweds,Sheffield Weds
shelbourne,Shelbourne
sheriff,FC Sheriff
shirak,Shirak FC
shrewsbury,Shrewsbury
shukurakobuleti,Shukura Kobuleti
sibenik,HNK Šibenik
siegen,Siegen
siena,Siena
sigmaolomouc,Sigma Olomouc
sigmaolomoucb,Sigma Olomouc B
silekskratovo,Sileks Kratovo
silkeborg,Silkeborg
sion,Sion
sirens,Sirens FC
sirius,Sirius
sirokibrijeg,Široki Brijeg
sivasspor,Sivasspor
sjk,SJK
sjkseinajoki,SJK Seinäjoki
skakhabarovsk,SKA Khabarovsk
skala,Skála ÍF
slaskwrocaw,Śląsk Wrocław
slaskwroclaw,Slask Wroclaw
slavenbelupo,Slaven Belupo
slaviapraha,Slavia Praha
slaviaprahab,Slavia Praha B
slaviasofia,Slavia Sofia
slaviyamozyr,FK Slaviya Mozyr
sliemawanderers,Sliema Wanderers
sligorovers,Sligo Rovers
slobodatuzla,Sloboda Tuzla
slogadoboj,Sloga Doboj
slovanbratislava,Slovan Bratislava
slovanliberec,Slovan Liberec
slutsk,FK Slutsk
smorgon,FK Smorgon
sochaux,Sochaux
sochi,Sochi
sociedad,Sociedad
sociedadb,Sociedad B
sogndal,Sogndal
sonderjyske,Sonderjyske
southampton,Southampton
southend,Southend
spaeri,Spaeri FC
spal,Spal
sparta,Sparta
spartakmoscow,Spartak Moscow
spartakmoskva,Spartak Moskva
spartaknalchik,Spartak Nalchik
spartaksubotica,Spartak Subotica
spartaktrnava,Spartak Trnava
spartakvarna,Spartak Varna
spartaniisportul,Spartanii Sportul
spartapraha,AC Sparta Praha
spartaprahab,AC Sparta Praha B
spartarotterdam,Sparta Rotterdam
spbraga,Sp Braga
spezia,Spezia
spgijon,Sp Gijon
splafiorita,SP La Fiorita
splisbon,Sp Lisbon
sportlisboaebenfica,Sport Lisboa e Benfica
sptrefiori,SP Tre Fiori
sptrepenne,SP Tre Penne
stabaek,Stabaek
stadebrestois29,Stade Brestois 29
staderennais,Stade Rennais
stalmielec,Stal Mielec
standard,Standard
standardliege,Standard Liège
start,Start
steauabucuresti,FC Steaua Bucureşti
stetienne,St Etienne
stevenage,Stevenage
stgallen,St. Gallen
stgilloise,St. Gilloise
stjohnstone,St Johnstone
stjosephs,St. Joseph's FC
stlucija,St. Luċija FC
stmirren,St Mirren
stockport,Stockport
stoke,Stoke
stpatrick,St. Patrick FC
stpatricks,St. Patricks
stpatricksathletic,St Patrick's Athletic
stpauli,St Pauli
stpolten,St. Polten
strasbourg,Strasbourg
stromsgodset,Stromsgodset
struga,FC Struga
sttruiden,St Truiden
sturmgraz,Sturm Graz
stuttgart,Stuttgart
sudtirol,Sudtirol
suduva,FK Sūduva
suhareka,FC Suhareka
sumgayit,Sumgayit FK
sumgayt,Sumgayıt FK
sunderland,Sunderland
sundsvall,Sundsvall
supernova,SK Super Nova
sutjeska,FK Sutjeska
sutton,Sutton
suuroy,FC Suðuroy
swansea,Swansea
swifthesperange,Swift Hesperange
swindon,Swindon
syrianska,Syrianska
szombathelyihaladas,Szombathelyi Haladás
tambov,Tambov
targumures,Targu Mures
tbtvroyri,TB Tvøroyri
tekstilacodzaci,Tekstilac Odžaci
telavi,FC Telavi
telstar,Telstar
tenerife,Tenerife
teplice,FK Teplice
termalicabb,Termalica B-B.
ternana,Ternana
terrassa,Terrassa
thrasyvoulos,Thrasyvoulos
thun,Thun
tirol,Tirol
tmoscow,T. Moscow
tobylkostanay,Tobyl Kostanay
tomsk,Tomsk
tondela,Tondela
torino,Torino
torpedobelazzhodino,Torpedo-BelAZ Zhodino
torpedokutaisi,Torpedo Kutaisi
torpedomoscow,Torpedo Moscow
torquay,Torquay
tosno,Tosno
tottenham,Tottenham
tottenhamhotspur,Tottenham Hotspur
toulouse,Toulouse
tours,Tours
tps,TPS
trabzonspor,Trabzonspor
tranmere,Tranmere
transinvest,FK TransINVEST
trapani,Trapani
treatyunited,Treaty United
trelleborgs,Trelleborgs
trencin,AS Trenčín
treviso,Treviso
triestina,Triestina
trofense,Trofense
tromsil,Tromsø IL
tromso,Tromso
troyes,Troyes
tscbackatopola,TSC Bačka Topola
tubize,Tubize
tukums2000,FK Tukums 2000
turantovuz,Turan Tovuz
turnuseverin,CS Turnu Severin
tuzlacity,FK Tuzla City
twente,Twente
ucammurcia,UCAM Murcia
ucdublin,UC Dublin
ucluj,U. Cluj
ucraiova,U Craiova
ucraiova1948,U Craiova 1948
udinese,Udinese
uesantacoloma,UE Santa Coloma
ufa,Ufa
ujpest,Újpest FC
ullkisa,Ull/Kisa
ulm,Ulm
umfafturelding,UMF Afturelding
umfstjarnan,UMF Stjarnan
umraniyespor,Umraniyespor
unastrassen,UNA Strassen
uniaomadeira,Uniao Madeira
unionberlin,Union Berlin
unionsaintgilloise,Union Saint-Gilloise
uniontituspetange,Union Titus Pétange
unireaslobozia,Unirea Slobozia
univcraiova,Univ. Craiova
universitateacluj,Universitatea Cluj
universitateacraiova,CS Universitatea Craiova
unkaerjeng,UN Käerjéng
unterhaching,Unterhaching
ural,Ural
urartu,FC Urartu
utaarad,UTA Arad
utrecht,Utrecht
vaasanps,Vaasan PS
vaduz,Vaduz
valence,Valence
valencia,Valencia
valenciennes,Valenciennes
valerenga,Valerenga
valladolid,Valladolid
vallecano,Vallecano
valletta,Valletta FC
valmiera,Valmiera FC
valurreykjavik,Valur Reykjavík
van,FK Van
vannes,Vannes
varazdin,NK Varaždin
varberg,Varberg
vardarskopje,Vardar Skopje
varese,Varese
varnamo,Varnamo
varnsdorf,FK Varnsdorf
vaslui,Vaslui
vasteras,Vasteras SK
vecindario,Vecindario
vejle,Vejle
velezmostar,Velež Mostar
vendsyssel,Vendsyssel
venezia,Venezia
veres,NK Veres
veria,Veria
verona,Verona
vestri,IF Vestri
vestsjaelland,Vestsjaelland
viborg,Viborg
vicenza,Vicenza
victoriarosport,Victoria Rosport
viitorulconstanta,Viitorul Constanta
viking,Viking
vikingur,Víkingur
vikingurreykjavik,Víkingur Reykjavík
viktoriaplzen,Viktoria Plzeň
viktoriazizkov,Viktoria Žižkov
villarreal,Villarreal
villarrealb,Villarreal B
virtus,SS Virtus
virtusentella,Virtus Entella
virtuslanciano,Virtus Lanciano
vitebsk,FK Vitebsk
vitesse,Vitesse
vitoriaguimaraes,Vitória Guimarães
vizela,Vizela
vladikavkaz,Vladikavkaz
vllaznia,FK Vllaznia
vojvodina,Vojvodina
volendam,Volendam
volgannovgorod,Volga N. Novgorod
volgarastrakhan,Volgar-Astrakhan
volosnfc,Volos NFC
voluntari,FC Voluntari
vorsklapoltava,Vorskla Poltava
voskasport,FK Voska Sport
vozdovac,FK Voždovac
vps,VPS
vvvvenlo,VVV Venlo
vysocinajihlava,Vysočina Jihlava
waalwijk,Waalwijk
waaslandbeveren,Waasland-Beveren
wackerinnsbruck,Wacker Innsbruck
walsall,Walsall
waregem,Waregem
wartapoznan,Warta Poznan
waterford,Waterford
watford,Watford
wehen,Wehen
werderbremen,Werder Bremen
westarmenia,FC West Armenia
westbrom,West Brom
westerlo,Westerlo
westham,West Ham
westhamunited,West Ham United
wexford,Wexford
widzewlodz,Widzew Lodz
wieczystakrakow,Wieczysta Krakow
wigan,Wigan
willemii,Willem II
wiltz71,FC Wiltz 71
wimbledon,Wimbledon
winterthur,Winterthur
wisakrakow,Wisła Kraków
wisla,Wisla
wislaplock,Wisla Plock
wolfsberger,Wolfsberger AC
wolfsburg,Wolfsburg
wolves,Wolves
wrexham,Wrexham
wurzburgerkickers,Wurzburger Kickers
wycombe,Wycombe
xamax,Xamax
xanthi,Xanthi
xerez,Xerez
yenimalatyaspor,Yeni Malatyaspor
yenisey,Yenisey
yeovil,Yeovil
york,York
youngboys,Young Boys
yverdon,Yverdon
zaglebie,Zaglebie
zaglebiesosnowiec,Zaglebie Sosnowiec
zalaegerszegite,Zalaegerszegi TE
zalgiris,FK Žalgiris
zaragoza,Zaragoza
zawisza,Zawisza
zbrojovkabrno,Zbrojovka Brno
zeleziarnepodbrezova,FK Železiarne Podbrezová
zeleznicarpancevo,Železničar Pančevo
zeljeznicarsarajevo,Željezničar Sarajevo
zenit,Zenit
zenitstpetersburg,Zenit St. Petersburg
zimbru,FC Zimbru
zira,Zira FK
zlatemoravce,Zlaté Moravce
zlin,FC Zlín
zoryalugansk,Zorya Lugansk
zrinjskimostar,Zrinjski Mostar
zurich,Zurich
zvijezda09bijeljina,Zvijezda 09 Bijeljina
zwolle,Zwolle
